post_id,post_time,address,place_name,user_id,nationality
EM7O3RINyaLS,2016-04-01T09:37:43Z,石川県鳳珠郡 能登町,NA,A-8vImElYu,US
vrpVbF83Kqhi,2016-04-01T20:54:12Z,大阪府大阪市 北区角田町5,"Gudetama cafe ,7th floor HEP Five Osaka•umeda",A-zpNoCiF2,TH
vwPvcEXCOa67,2016-04-01T22:01:57Z,大阪府泉南郡 田尻町泉州空港中1,南海電鐵 特急,C-hbtHidIz,HK
KPkonKKzmTep,2016-04-01T22:13:21Z,福島県福島市入江町1,NA,B-QUU841zl,ID
rwaUYGGTYoqz,2016-04-02T08:18:09Z,千葉県成田市木の根3,"Tokyo,…",B-JzaPVHpY,US
ymuZbb5Mds54,2016-04-02T11:16:27Z,東京都江東区青海一丁目1,Totem-Cirque du Soleil Tokyo Japan,A-G6sGnoFV,AU
yeQWTgSsvPYJ,2016-04-02T20:06:11Z,長崎県佐世保市ハウステンボス町8,Huis Ten Bosch,C-NxooWvcI,SG
beG3YjOzN4ac,2016-04-02T22:47:24Z,熊本県上益城郡 嘉島町,NA,C-xeQ41RtH,CN
ZZzCIGx6H5j7,2016-04-03T00:26:41Z,福岡県福岡市 中央区,NA,B-FkHjECs0,HK
GNam2fNqbeiE,2016-04-03T01:36:18Z,東京都江戸川区東葛西五丁目19,NA,C-Bd0DCcdp,TH
SCtIG56Uyhhu,2016-04-03T13:59:38Z,東京都港区台場一丁目8,NA,B-Eb0x0kTA,MY
PJYSHvdmNOwV,2016-04-03T14:32:42Z,東京都台東区浅草一丁目30,浅草寺 雷門 (Kaminarimon Gate),B-EgrGZoDd,PH
xrn0He1noRpO,2016-04-03T19:12:59Z,東京都港区赤坂九丁目7,NA,A-RYKFfHMs,ID
eDyCQ5o4vtt8,2016-04-04T09:39:52Z,東京都新宿区歌舞伎町一丁目7,NA,B-sE0rjjv4,US
LGV6tMRFarTG,2016-04-04T16:44:29Z,千葉県成田市古込1,成田国際空港 (Narita International Airport) (NRT),A-OjIoDB13,ID
FRbxeQ41RtHf,2016-04-04T20:56:34Z,大阪府泉南郡 田尻町泉州空港中1,関西国際空港 (Kansai International Airport - KIX/RJBB),B-82gJhRHV,TH
NTbTKvfet4vJ,2016-04-05T02:00:57Z,東京都渋谷区道玄坂二丁目1,NA,C-h7S9qRam,ID
kgBIRAovW99t,2016-04-05T07:25:09Z,東京都新宿区高田馬場四丁目5,Takadanobaba Station,A-kk29FYaA,TH
tdRKEyy1TM5U,2016-04-05T15:44:15Z,静岡県御殿場市新橋1873,NA,B-LwjwY4GZ,ID
N6DChzwcbkJe,2016-04-05T21:54:04Z,千葉県松戸市上本郷2928,NA,B-gdv58TDw,KR
gNkNThkFi0vb,2016-04-06T08:20:22Z,東京都港区南麻布一丁目27,NA,B-YO5JuLkr,SG
eqfr20AVeh6b,2016-04-06T09:18:34Z,石川県金沢市兼六町2,"Kenrokuen Park, Kanazawa",B-AioHdGK1,US
T3KxjzOn04Gh,2016-04-06T11:14:55Z,東京都港区芝一丁目9,欧風カレー ルルマージュ,B-fzcCcLm4,SG
NirdfBZVnmQS,2016-04-06T12:52:41Z,京都府京都市 右京区嵯峨天龍寺芒ノ馬場町10,嵯峨野 竹林の道,C-ix7G2ajF,MY
x6r7UplYF6Fj,2016-04-06T14:48:10Z,北海道千歳市,NA,A-i6YYAYPU,ID
y9fzXln8o6Qe,2016-04-06T18:23:12Z,京都府京都市 左京区岡崎西天王町97,平安神宮 The Heian Shrine,B-5r9pgksr,HK
vGHixT6O8NoF,2016-04-06T23:03:36Z,兵庫県豊岡市千代田町6,NA,C-GdJIyHPO,KR
Cmk65IWCAKFs,2016-04-07T05:56:53Z,東京都中央区銀座六丁目18,NA,C-IkgBIRAo,US
TYQokxskkYNf,2016-04-07T12:49:32Z,東京都渋谷区神宮前四丁目30,東急プラザ表参道原宿 OMOHARA Cafe,C-nIr0OsQt,US
VlRsBior4W6L,2016-04-07T13:36:01Z,東京都渋谷区宇田川町22,"Shibuya Crossing, Tokyo, Japan",C-8ILRivLZ,GB
InykoKnwlnHz,2016-04-07T14:27:45Z,東京都港区赤坂一丁目12,NA,C-vXf2Pfso,US
m548ud38TgMg,2016-04-07T16:29:49Z,千葉県松戸市上本郷2648,NA,B-gdv58TDw,KR
WWmfJMNsxMyd,2016-04-07T19:52:05Z,千葉県松戸市上本郷2917,NA,B-gdv58TDw,KR
cdpf73aNJGh6,2016-04-08T10:25:02Z,大阪府大阪市 浪速区難波中二丁目1,NA,C-ztEGm6Na,GB
yYhNcaXZswYA,2016-04-08T10:43:42Z,東京都新宿区内藤町1,NA,B-5XZnGFSb,ID
hKUIkVs2F8az,2016-04-08T16:24:24Z,北海道登別市登別温泉町106,NA,C-6apdTdCA,TH
GiYYsCyxU9DZ,2016-04-08T16:36:57Z,愛知県名古屋市 中区本丸1,Nagoya Castle,A-0YECSFRb,US
0XtjcDWPzdOd,2016-04-08T22:20:03Z,京都府京都市 下京区十文字町668,"Kyoto, Japan",C-gI6HIV9H,SG
MhVP6KHpadfs,2016-04-09T06:42:47Z,東京都渋谷区代々木一丁目1,NA,A-wI1UkErm,US
PZqyjyqRUxjW,2016-04-09T12:49:48Z,東京都立川市柴崎町三丁目2,クラブ セガ 立川 (CLUB SEGA),A-TyYhNcaX,US
veZ5SXkmc6SL,2016-04-09T13:02:59Z,東京都江東区新木場二丁目2,ageHa,B-BgQf42lt,US
qGkEkJaTemHB,2016-04-09T17:39:41Z,大阪府大阪市 中央区大阪城1,Osaka Castle 大阪城,B-vSPWh6nA,SG
6VXdTS6c6Aoa,2016-04-09T18:14:06Z,東京都渋谷区神宮前二丁目32,ぎおん徳屋,B-iMj6OrmV,CN
cFcfscfTtjXp,2016-04-09T21:34:01Z,東京都渋谷区恵比寿南一丁目26,Disney Store Shibuya,B-0wSXR5Id,SG
37OSotIAddsq,2016-04-09T23:16:57Z,神奈川県横浜市 都筑区池辺町4035,NA,C-9QqyHuQx,GB
bJF8mdpk1Kc2,2016-04-10T09:02:06Z,滋賀県彦根市金亀町1,Hikone Castle,C-wPNcF05C,CN
KbQZ8NKQYcRL,2016-04-10T12:03:53Z,東京都渋谷区道玄坂一丁目1,渋谷駅 (Shibuya Sta.),B-DgDaj1kn,KR
WpaplCWkVeIz,2016-04-10T17:26:50Z,東京都新宿区新宿三丁目3,NA,A-LJzM2uN5,CN
p9cuqZpwpFRn,2016-04-10T21:56:58Z,東京都千代田区丸の内一丁目9,东京駅 (Tokyo Station),C-dHOUtSN3,CN
6FcYMAMsfPVU,2016-04-11T00:16:01Z,京都府京都市 左京区浄土寺石橋町39,Philosopher's Path,B-gwQ37XU3,PH
nVhkWZ70YECS,2016-04-11T18:43:04Z,東京都品川区北品川四丁目6,NA,B-3rIzdYs2,TH
eoK3adcKfHeQ,2016-04-11T19:19:54Z,東京都目黒区上目黒一丁目5,Naka Meguro River 🌸🌸🌸🌸 #sakura #beautiful #nice #good #natural #flower #river #cold…,C-oXPziapP,TH
TqZPteSUA6rN,2016-04-11T22:19:26Z,大阪府大阪市 北区本庄東一丁目15,"Osaka, Japan",B-thXLdGyK,PH
gOx5fIh0k2Ll,2016-04-12T07:27:44Z,北海道富良野市北の峰町32,NA,A-gN03Dx7S,MY
L0fIIlX6LDXn,2016-04-12T12:02:58Z,神奈川県横浜市 港北区新横浜二丁目8,Rohde &amp; Schwarz Japan 神奈川オフィス,B-HDSipAHq,KR
HmKUlJZr9rUJ,2016-04-12T12:41:57Z,東京都港区六本木六丁目10,Tokyo Disneyland,B-UlHnmdij,SG
yoZstyzUy4PF,2016-04-12T14:34:18Z,東京都大田区羽田空港三丁目1,Haneda Airport,A-9cfQlbwp,HK
4ooBzmjB9PBY,2016-04-12T15:56:28Z,東京都墨田区業平一丁目22,東京スカイツリー / Tokyo Skytree,C-FUe2EXi8,GB
gQZVdsUKcKYw,2016-04-12T16:22:12Z,大阪府池田市綾羽二丁目5,五月山動物園,B-8gNWyQFq,MY
E2jvu5vyjVGp,2016-04-12T19:56:50Z,千葉県松戸市上本郷2928,NA,B-gdv58TDw,KR
roLkfoE8p8v9,2016-04-13T08:13:31Z,北海道函館市昭和三丁目19,NA,B-XkrD2LlA,CN
aCcAZ73k5OjM,2016-04-13T12:30:04Z,大阪府泉佐野市泉州空港北1,NA,C-OvYgclto,HK
306EQUczwjgW,2016-04-13T15:44:14Z,京都府宮津市字文珠190,NA,C-GdJIyHPO,KR
ThZk82duk65Q,2016-04-13T15:45:08Z,大阪府大阪市 北区梅田一丁目12,梅田ブルク7,A-a14jxkc2,KR
6UCR8TcWu2Yo,2016-04-14T19:48:56Z,兵庫県神戸市 中央区東川崎町一丁目6,神戸港  Kobe Port,B-dbWCclhf,MY
pmY0AsIyoz5c,2016-04-14T20:19:42Z,東京都千代田区神田佐久間町一丁目17,NA,A-K5TRo88T,CN
E76mmPvYnrH9,2016-04-15T03:22:33Z,東京都杉並区高井戸東二丁目29,"Suginami-ku, Tokyo,…",C-jX3G1brp,ES
Kdm7rrWvCiUO,2016-04-15T15:16:55Z,京都府京都市 左京区南禅寺草川町9,NA,B-UJAi0DOg,SG
wrvYTELo9iih,2016-04-15T21:27:32Z,東京都目黒区上目黒一丁目16,NA,B-CWn1gUbm,HK
pmDpAW0pXCFn,2016-04-15T22:42:21Z,東京都新宿区新宿三丁目6,NA,A-XhyjJlpE,GB
6JKC5abKziob,2016-04-16T07:44:30Z,神奈川県横浜市 磯子区磯子三丁目5,"Isogo-ku, Yokohama",A-wJ68QG51,GB
eR7dg0DXr6SM,2016-04-16T10:29:23Z,山梨県南都留郡 富士河口湖町船津6713,NA,B-w7jtoDt4,TH
JlUwQJUTgUfT,2016-04-16T12:05:54Z,東京都台東区上野公園13,Tokyo National Museum,A-m2Aet8DR,US
ldFLCmGh7S9q,2016-04-16T20:24:00Z,東京都渋谷区恵比寿南一丁目6,恵比寿駅 (Ebisu Sta.),C-3njvd4vb,HK
njvd4vbot2KY,2016-04-16T22:54:28Z,大阪府大阪市 西成区萩之茶屋一丁目12,NA,A-ZeDyCQ5o,ID
4rxjXYqhUvxF,2016-04-17T20:04:47Z,東京都渋谷区宇田川町1,NA,C-AjGAD32N,HK
ZzzdTb55r9pg,2016-04-18T04:12:23Z,大阪府大阪市 中央区道頓堀一丁目1,NA,B-mr0Bkf1m,PH
vkHVfIcFQTl8,2016-04-18T06:03:32Z,滋賀県甲賀市土山町南土山1122,Tsuchiyama,C-aLfl9Aph,FR
d5tbIu0k4M1x,2016-04-18T10:39:05Z,東京都台東区上野四丁目9,上野恩賜公園 Ueno Park,C-UAwRwVrG,TH
ajFVQwBftA9C,2016-04-18T11:13:28Z,東京都千代田区北の丸公園2,日本武道館 (Nippon Budokan),B-HDSipAHq,KR
3Ax5CfOQiUCq,2016-04-18T12:10:30Z,千葉県浦安市舞浜1,カスバ・フードコート (Casbah Food Court),A-2ycfD6X8,MY
JDaHWqnkcV7V,2016-04-18T13:10:18Z,京都府宮津市字成相寺339,成相寺,C-GdJIyHPO,KR
Jj1aBIUmJ27H,2016-04-18T13:59:40Z,愛知県名古屋市 中村区名駅一丁目1,名古屋駅 (Nagoya Sta.),A-SYWoWAdW,TH
0OdMUiUm612Z,2016-04-18T15:33:21Z,福岡県福岡市 中央区,NA,B-FkHjECs0,HK
xjIhbtHidIzC,2016-04-18T16:40:08Z,京都府京都市 右京区嵯峨天龍寺立石町1,野宮神社 (Nonomiya Shrine),B-VzOvirg2,KR
lV7RjiChjfbu,2016-04-18T17:40:39Z,大阪府大阪市 中央区心斎橋筋二丁目3,心斎橋筋（Shinsaibashi-suji）,C-JSkeKDPb,PH
ojlzjle9OJml,2016-04-18T18:08:17Z,東京都新宿区新宿三丁目3,NA,C-LxEjnx6r,TH
Ud3EF3Iwo2uY,2016-04-18T19:07:18Z,広島県広島市 中区国泰寺町一丁目6,NA,C-Mb1vX0X6,FR
Iqr9BXlz7Osc,2016-04-18T22:49:57Z,東京都大田区羽田空港二丁目6,羽田空港 国際線旅客ターミナル / Tokyo-Haneda International Airport - Int'l Terminal (HND / RJTT),B-HDSipAHq,KR
HigE9PBPZfmg,2016-04-18T22:54:45Z,神奈川県鎌倉市長谷四丁目2,NA,C-dBu145Ms,ES
TqQFlD7SAN9W,2016-04-18T23:00:49Z,東京都中央区銀座六丁目18,"Chuo-ku, Tokyo, Japan",C-TqyRuM98,AU
6WGEJrZqqVc5,2016-04-18T23:28:08Z,東京都渋谷区宇田川町22,"Shibuya Crossing, Tokyo, Japan",A-iFO9fWc4,GB
gOBWuSFItALQ,2016-04-19T21:32:23Z,大阪府大阪市 北区本庄東一丁目15,"Osaka, Japan",C-7KOjWCsi,FR
ExsgLdLuYRO9,2016-04-20T00:27:40Z,大阪府大阪市 北区角田町5,NA,A-1YSZVlab,SG
jn3oacleoZj9,2016-04-20T08:39:51Z,東京都台東区上野公園2,NA,A-EDGu8y7t,GB
BKLUfX6zaERE,2016-04-20T11:32:51Z,兵庫県姫路市本町68,姫路城 (Himeji Castle),C-QiUCqs5E,TH
Cqb6mkRANZjy,2016-04-21T06:11:03Z,長野県長野市栗田271,NA,C-OlYvzzQc,TH
mP7KGtUlYi1Y,2016-04-21T07:23:40Z,東京都中央区浜離宮庭園1,NA,B-JiBMtus5,US
Oi7c6YHIKW9u,2016-04-21T08:12:18Z,大阪府大阪市 北区本庄東一丁目15,NA,B-UKNYyv3L,HK
MiYsAz9a68yL,2016-04-21T10:49:08Z,東京都千代田区丸の内三丁目5,東京国際フォーラム (Tokyo International Forum),C-F37OSotI,TH
Fjyx1J3dbWCc,2016-04-21T10:56:25Z,東京都江東区青海一丁目1,"DiverCity Tokyo Plaza, Odaiba",B-pxepHZrm,AU
q6LBwbXEW22J,2016-04-21T11:10:07Z,東京都世田谷区代田五丁目2,NA,A-pj710gvo,AU
xnz4YC8w2a8D,2016-04-21T11:22:08Z,京都府京都市 下京区十文字町668,NA,C-hdKDQa9J,US
Zu3Parit75hn,2016-04-21T11:43:42Z,兵庫県神戸市 中央区神戸空港10,神戸空港駅 (Kobe Airport Sta.) (P09),C-GdJIyHPO,KR
51YD5Gvc8wyU,2016-04-21T11:48:28Z,東京都千代田区一番町1,NA,C-k5p1bITe,US
QXhAdFaNBZSV,2016-04-21T15:03:48Z,東京都中央区銀座八丁目13,NA,C-9aJZR3kZ,ID
lLW4w0DOLhpF,2016-04-21T18:11:18Z,東京都台東区東上野三丁目17,NA,B-x42FGOa7,PH
wjIuotKmNQZD,2016-04-21T20:05:26Z,東京都港区南青山一丁目22,NA,C-dwKFlDl7,SG
I5kHjq67gQxA,2016-04-21T21:32:13Z,千葉県浦安市舞浜25,Becker's(舞浜店),C-3njvd4vb,HK
z0o6WQj9R853,2016-04-21T21:44:01Z,東京都渋谷区神宮前一丁目16,竹下通り Takeshita Street,B-U2Em1OOn,US
3X5g0UoNgYDO,2016-04-22T01:49:58Z,東京都千代田区神田錦町三丁目16,NA,A-uLBXgR8r,US
Jek4vA7cFAEb,2016-04-22T13:00:28Z,石川県金沢市青草町88,Omicho Market…,A-TiXlgwPA,TH
t3zEXBfv8cyY,2016-04-22T16:09:12Z,東京都中野区東中野一丁目51,Higashi-Nakano Station,B-LpKPawGU,TH
Tkn81H0s3ExS,2016-04-23T09:00:22Z,大阪府大阪市 中央区大阪城1,NA,A-7iMGo1uD,US
bPJMhSf8QQ36,2016-04-23T12:05:01Z,京都府京都市 伏見区稲荷山官有地15,Fushimi Inari - Yakuriki,A-fOVJ9cov,PH
OgrM1RpfTIfR,2016-04-23T12:07:34Z,東京都台東区上野公園13,Tokyo National…,A-m2Aet8DR,US
ghNjSatBulOB,2016-04-23T13:56:04Z,千葉県成田市取香113,NA,B-z6WGEJrZ,US
TX4KozpCqR7w,2016-04-23T13:58:42Z,東京都渋谷区代々木神園町1,Meiji Shrine,A-rYBvlOYo,PH
PdWRUnyAh8Gx,2016-04-23T16:00:35Z,千葉県松戸市上本郷2928,NA,B-gdv58TDw,KR
I4B4io5kLFr6,2016-04-23T20:47:51Z,大阪府大阪市 中央区大阪城1,NA,A-mKzvRcNZ,KR
2NSdcSHVtbg9,2016-04-23T23:44:50Z,東京都新宿区西新宿一丁目5,NA,B-iqZseneV,TH
OADPuqXn2F9q,2016-04-24T00:57:14Z,京都府京都市 東山区小松町555,NA,A-yjyqRUxj,ID
AL1Tf73enyVC,2016-04-24T09:45:21Z,東京都新宿区西新宿三丁目9,NA,B-COADPuqX,NA
rkAglOUP48M1,2016-04-24T13:00:41Z,大阪府大阪市 中央区道頓堀一丁目6,NA,C-pkIQEKSm,PH
Y4brQJIEROj3,2016-04-24T20:26:57Z,東京都渋谷区広尾五丁目4,広尾駅 (Hiro-o Sta.) (H03),C-3njvd4vb,HK
msyaeqz3ncGE,2016-04-25T08:15:34Z,大阪府吹田市山田丘2,"Suita campus, Osaka University",A-DzZlQFS7,CN
ppV81bpKhIw3,2016-04-25T19:59:59Z,広島県広島市 中区国泰寺町一丁目6,NA,C-Mb1vX0X6,FR
vuRutHmBCuVT,2016-04-26T04:42:43Z,京都府京都市 東山区祇園町北側253,円山公園 / Maruyama Park,C-eEvZ87N9,KR
jFGHLv2nuyJx,2016-04-26T09:58:08Z,愛知県常滑市セントレア四丁目7,Star Alliance First Class…,A-iD9BBcJK,CN
mY0wA5Vlk0qJ,2016-04-26T10:30:17Z,千葉県浦安市舞浜1,東京ディズニーランド (Tokyo Disneyland),A-kcTmHJw0,MY
dEO1OVM5a27J,2016-04-26T16:20:52Z,和歌山県伊都郡 高野町大字高野山777,高野山 金剛峯寺,B-bExsgLdL,ES
ezs5wjGaiswg,2016-04-26T16:30:28Z,東京都港区芝公園四丁目2,東京タワー　Tokyo Tower,A-Rl6aOaiD,KR
pQCaZgq6VSZ0,2016-04-26T18:31:52Z,沖縄県那覇市字鏡水334,那覇空港 LCC ターミナル (Naha Airport - LCC Terminal),A-RgbDKQPT,KR
wxU6q6EJAbez,2016-04-26T19:26:19Z,大阪府大阪市 浪速区恵美須東一丁目18,通天閣,B-xc0IzBWA,KR
OeougtOp9QOH,2016-04-27T09:23:21Z,千葉県浦安市舞浜三丁目12,NA,B-5XZnGFSb,ID
HxV8pUIK8jnR,2016-04-27T09:55:05Z,東京都港区芝公園四丁目2,NA,B-Xr6SMrdZ,PH
CJaJT0dXkrD2,2016-04-27T12:34:10Z,東京都目黒区上目黒一丁目23,中目黒駅 (Naka-meguro Sta.) (TY03/H-01),C-QFZPlPP6,KR
aZADtzvaL6sq,2016-04-27T13:18:08Z,東京都渋谷区代々木一丁目1,Meiji Jingu  Shrine,B-iIjl2Khh,US
4LtQugaU2XRc,2016-04-27T13:46:28Z,東京都港区高輪二丁目3,NA,B-gdv58TDw,KR
brpJhpp8m3QE,2016-04-27T14:39:03Z,東京都港区芝公園四丁目2,NA,C-5Fjyx1J3,FR
xzaw82qRYKFf,2016-04-27T15:59:10Z,神奈川県足柄下郡 箱根町元箱根1,NA,A-QjIuIw6c,US
5fhE16Yosdug,2016-04-27T17:26:14Z,東京都品川区大井四丁目21,Shinagawa,C-1OLu4Tsw,PH
XRC1Po7EMHTD,2016-04-27T20:48:49Z,東京都杉並区上荻一丁目9,NA,A-bQPpjwPz,US
NITerzLjRf4e,2016-04-27T23:03:25Z,京都府京都市 東山区祇園町北側625,八坂神社…,A-SgBuCoQk,US
eaS2hxW4ZNR5,2016-04-27T23:14:10Z,神奈川県横浜市 中区桜木町二丁目1,NA,C-AedwwuG1,KR
F9jeFI3v0r45,2016-04-28T11:45:57Z,東京都西多摩郡 奥多摩町,鷹ノ巣山,C-FdEABHRi,HK
OVJ9covnePvk,2016-05-01T07:56:38Z,愛知県常滑市セントレア四丁目7,中部国際空港 セントレア (Central Japan International Airport - NGO/RJGG),A-KEyy1TM5,TH
gxoSLGoMbleb,2016-05-01T09:10:48Z,東京都港区芝大門二丁目3,芝大門 (Shibadaimon),A-EXBfv8cy,PH
uuNGbEGfM6HJ,2016-05-01T19:56:39Z,東京都台東区柳橋一丁目20,NA,A-LTILcuuN,ID
vsGvSPWh6nAX,2016-05-01T20:34:01Z,福岡県福岡市 博多区,"Canal City, Fukuoka",B-BLqBoqb0,KR
vaXWhmxPhwBk,2016-05-01T22:14:43Z,大阪府大阪市 福島区福島二丁目8,Guesthouse U-En Osaka/ゲストハウス由苑,B-yg5xYL1F,GB
uFgijjYHO1wp,2016-05-01T22:21:03Z,千葉県浦安市舞浜1,東京ディズニーシー / Tokyo Disney Sea,B-xDPPpGIy,PH
fgSPyD3gaggj,2016-05-02T02:04:44Z,京都府京都市 東山区祇園町北側282,Fushimi inari shrine　伏見稲荷,C-w0LfGQKh,TH
cTmHJw02QDsl,2016-05-02T07:33:00Z,京都府京都市 西京区嵐山虚空蔵山町3,Arashiyama Monkey Park,C-ChbBuOi8,US
Pzm6JkNNrBhn,2016-05-02T12:36:48Z,和歌山県伊都郡 高野町大字高野山123,高野山 金剛峯寺,B-nePvkz0o,KR
yTWsor7rBFSW,2016-05-02T12:59:05Z,北海道札幌市 中央区北二条西三丁目1,赤レンガテラス,A-qqVc5dEC,HK
BAyWRZy9jjXK,2016-05-02T12:59:07Z,京都府京都市 北区金閣寺町1,金閣寺 - Golden Temple,A-8KXUkK6T,ID
hXLdGyKJDGNl,2016-05-02T15:24:06Z,東京都品川区上大崎四丁目2,目黒駅 (Meguro Sta.),C-3njvd4vb,HK
2Hjb7vRxMwoL,2016-05-02T17:28:33Z,秋田県仙北市,NA,C-IJ7A61Cv,ID
yn7CNvHswg6p,2016-05-02T22:01:19Z,愛知県名古屋市 中村区名駅一丁目1,Nagoya Station,C-RrJ80GGP,TH
41tTCvVR6L5m,2016-05-02T22:32:59Z,東京都千代田区外神田四丁目1,NA,B-p2D4bnPS,US
RsBeJbLilm6K,2016-05-03T00:04:26Z,東京都港区西麻布二丁目2,NA,C-alRDcMFV,TH
94UH65yptMPN,2016-05-03T00:14:24Z,東京都昭島市,Showa Kinen Park Tachikawa（国営昭和記念公園）,B-6UwvAH21,PH
HtJX759UnIzP,2016-05-03T00:51:48Z,東京都千代田区丸の内一丁目9,NA,A-UZg8YBDz,ID
JOcObWfoyc3U,2016-05-03T00:54:55Z,千葉県松戸市上本郷2928,NA,B-gdv58TDw,KR
qF3Bqnvleonj,2016-05-03T01:09:58Z,東京都港区台場一丁目8,Rainbow Bridge - Odaiba,A-tIfSnpZT,TH
GdVH2tP9W0lf,2016-05-03T01:37:21Z,京都府京都市 下京区十文字町668,NA,A-qAmimnhW,MY
spdZx81smNHZ,2016-05-03T01:42:11Z,東京都渋谷区代々木二丁目25,NA,A-5JOcObWf,PH
NmeGYsyGkB0G,2016-05-03T01:55:06Z,千葉県松戸市上本郷2928,NA,B-gdv58TDw,KR
00zCoubNBU1y,2016-05-03T09:21:25Z,東京都港区赤坂一丁目12,NA,C-vXf2Pfso,US
ykfwx4tDWNvo,2016-05-03T09:21:34Z,兵庫県明石市魚住町西岡679,"NIT, Akashi College - Global Education Center/ 明石高専グローバルエデュケーションセンター",C-qbeiEeDB,ID
Tr8juswwYxbp,2016-05-03T09:29:26Z,東京都渋谷区神宮前一丁目14,Meiji…,B-3ctwmZBd,US
1QS4tUc5qei4,2016-05-03T09:36:00Z,東京都豊島区北大塚二丁目1,Ōtsuka Station,A-bsRwbIqN,TH
6mpeM9GUQN8a,2016-05-03T09:50:45Z,京都府京都市 下京区十文字町668,"Kyoto, Japan",A-P6KHpadf,HK
24lWFfWiS6ZQ,2016-05-03T09:55:29Z,千葉県浦安市舞浜2,NA,C-E6UCR8Tc,ID
Na3xzYaL1ntm,2016-05-03T09:56:30Z,広島県広島市 中区大手町一丁目10,NA,B-cIoxoTX7,ID
xMG7iMGo1uDX,2016-05-03T10:07:17Z,神奈川県横須賀市光の丘4,NTTドコモ R&amp;Dセンタ,B-HDSipAHq,KR
Cr1cLCcXSfFB,2016-05-03T10:48:40Z,東京都港区海岸二丁目1,NA,A-BvaEwNFz,ID
BhoaGdcM2dTR,2016-05-03T11:30:04Z,大阪府大阪市 北区梅田三丁目1,Osaka Station,B-1vGHixT6,KR
g1wBgQf42ltB,2016-05-03T11:42:27Z,東京都渋谷区道玄坂二丁目3,渋谷 (Shibuya),A-G7LwxnyU,TH
cYyQwXoX0Y3j,2016-05-03T11:46:04Z,東京都中央区銀座六丁目10,NA,A-31bNOrfn,SG
ovqbO8fQqlxT,2016-05-03T11:46:48Z,大阪府大阪市 中央区馬場町3,大坂歴史博物馆 (Osaka Museum of History),B-D1ncwKT9,CN
r24RZU6NJD1A,2016-05-03T11:52:01Z,大阪府大阪市 北区梅田二丁目2,Hilton Hotel Osaka Umeda,C-EOQ1JDox,PH
q8CDZG04nhuh,2016-05-03T12:20:32Z,福岡県福岡市 博多区,NA,B-E16Yosdu,US
Pk7fYtZHCIyn,2016-05-03T12:27:18Z,広島県広島市 南区松原町1,Hiroshima Station,C-zmGqBwYl,CN
7BRYaaCT95z5,2016-05-03T12:28:30Z,青森県青森市新町一丁目3,NA,C-TMSI8FhZ,ID
jk4ebeZa2de5,2016-05-03T12:51:16Z,香川県仲多度郡 琴平町NA720,金毘罗宫,B-9WpfxgWY,CN
wVKesnFF4W53,2016-05-03T13:00:19Z,東京都中野区上高田五丁目28,NA,C-uAamascs,ID
bCqxDPPpGIyH,2016-05-03T13:10:54Z,京都府宇治市五ケ庄西浦37,京阪 黄檗駅 (Obaku Sta.)(KH75),A-XpmDpAW0,KR
1aQfELw96XG2,2016-05-03T14:10:27Z,奈良県奈良市水門町52,奈良世界遗产-东大寺,C-7WKtwRIl,CN
N0MvdwSVmLyd,2016-05-03T14:15:05Z,大阪府豊中市待兼山町1,大坂大学 豊中キャンパス,A-DzZlQFS7,CN
fASEKnRpkwsO,2016-05-03T14:29:15Z,東京都豊島区西池袋一丁目6,NA,C-b3Ax5CfO,ES
HMsv48Px9pWi,2016-05-03T14:35:46Z,神奈川県横浜市 西区みなとみらい二丁目3,Queen's Square East Yokohama Landmark Tower,C-eoEIoX5q,HK
97lfGVtLIvCz,2016-05-03T14:35:47Z,京都府京都市 北区金閣寺町1,鹿苑寺 (金閣寺) (Kinkaku-Ji Temple),C-y5AZ0zgT,KR
gPwyqaIs67YL,2016-05-03T14:42:41Z,北海道苫小牧市,NA,A-X4MFGkXq,TH
pmybEuNxc3Yp,2016-05-03T15:15:55Z,千葉県松戸市上本郷2928,NA,B-gdv58TDw,KR
NxQI3ebaECSK,2016-05-03T15:29:49Z,山梨県北杜市,Nakamura Keith Haring Collection,A-cIjLOGrH,US
jpfwKJhEZxtE,2016-05-03T15:31:46Z,兵庫県姫路市本町68,NA,B-LnBK7DhE,FR
3tq0SeG1DX3m,2016-05-03T15:55:42Z,北海道函館市東雲町4,函館市 (Hakodate),B-srkvhrbN,US
hQ8qen06vIWu,2016-05-03T15:58:34Z,東京都渋谷区道玄坂二丁目2,Shibuya Hachiko Statue,A-qtQBIaCc,US
0hdDqQFWMj9P,2016-05-03T16:11:24Z,東京都港区高輪二丁目3,NA,B-gdv58TDw,KR
arfsrkvhrbN7,2016-05-03T16:32:45Z,京都府京都市 右京区太秦西蜂岡町9,NA,A-tk0FGci6,KR
ZvTK44qaZxSf,2016-05-03T16:36:29Z,東京都江東区平野一丁目4,Blue Bottle Coffee 清澄白河ロースタリー&amp;カフェ,C-XuKYTK7Q,TH
Td3M3UP1UgmL,2016-05-03T16:47:07Z,大阪府大阪市 中央区大阪城1,Osaka Castle 大阪城,A-WnVhkWZ7,PH
QMOcRmIYboQc,2016-05-03T16:48:25Z,千葉県成田市木の根3,Narita International Airport,B-Rod0Sf8O,US
PQiJ1qgvsnAZ,2016-05-03T17:09:35Z,大阪府大阪市 中央区難波千日前11,NA,B-V6junHv4,ID
SeDtk0FGci6H,2016-05-03T17:48:47Z,東京都港区高輪三丁目26,NA,B-gdv58TDw,KR
LK84G8MhCa32,2016-05-03T17:49:02Z,大阪府大阪市 西成区太子一丁目14,NA,B-bcr3nq3y,ID
vVr0wSXR5Id1,2016-05-03T17:52:32Z,東京都港区台場二丁目4,NA,C-3njvd4vb,HK
w6cnEVqjldhL,2016-05-03T18:03:36Z,京都府京都市 東山区林下町419,成田屋 祇園店 (Gion Naritaya),A-MuZJLCv5,MY
Du0DichNMzbX,2016-05-03T18:54:57Z,茨城県鉾田市鹿田1307,大洗,C-FoFsj9hQ,CN
Qsm0Vjck3Ae5,2016-05-03T18:59:52Z,東京都中央区銀座三丁目6,NA,A-Wu2Yo0pJ,US
NMMkE2Somg8o,2016-05-03T19:03:39Z,京都府京都市 東山区清水一丁目283,"Kiyomizu Temple, Kyoto, Japan",A-eFa4eUPa,TH
CVBADJzD1ncw,2016-05-03T19:53:42Z,東京都台東区上野五丁目9,2k540,B-U3YAhOIw,TH
E84irCcDW53F,2016-05-03T20:34:42Z,東京都江戸川区西葛西四丁目2,NA,A-g9D4J3hJ,TH
4IUeAIEMn8SI,2016-05-03T21:35:07Z,大阪府大阪市 此花区桜島二丁目1,大坂环球影城 Universal Studios Japan,C-s1jHk4cl,CN
rIzdYs2Tz38w,2016-05-03T21:38:15Z,京都府京都市 下京区東塩小路町843,NA,A-J5hTyNqP,ID
XbyzKUGPgUUG,2016-05-03T21:57:44Z,山梨県南都留郡 富士河口湖町,Shibazakura Garden,B-UuBpovEk,PH
jsHuMHz50dDO,2016-05-03T22:01:46Z,大阪府泉佐野市泉州空港北1,NA,C-0SeG1DX3,ID
P8S67roo3qY7,2016-05-03T22:27:28Z,東京都渋谷区宇田川町22,"Shibuya Crossing, Tokyo, Japan",B-HTnHo7SU,HK
gmyZ0v1tUp0P,2016-05-03T22:39:49Z,東京都新宿区西新宿七丁目10,Tokyo Shinjuku,B-b6UzFgGj,TH
QOyuSlyiTbLQ,2016-05-03T23:09:37Z,神奈川県横浜市 西区高島二丁目16,Yokohama Station,C-bVTtuhSI,US
LaQLHhr2NITg,2016-05-03T23:13:03Z,大阪府泉南郡 田尻町泉州空港中1,関西国際空港 (Kansai International Airport - KIX/RJBB),B-VSU4Y237,TH
pW9KqZX01wDD,2016-05-03T23:35:54Z,千葉県浦安市舞浜25,NA,C-wBkWVgv3,ID
kIQEKSmbgKHO,2016-05-03T23:36:23Z,東京都中央区銀座五丁目7,"Ginza Street 5 -  Chome, Tokyo",C-eoEIoX5q,HK
U3iDjUhVNFDR,2016-05-03T23:39:54Z,大阪府大阪市 淀川区西三国一丁目7,Shin-Osaka Sunny Stone Hotel,C-172OAdKx,PH
bWvT1Iw51OXU,2016-05-04T00:10:36Z,東京都千代田区千代田1,NA,B-tWKDBQlT,MY
PMhoZgf11P2f,2016-05-04T00:48:51Z,大阪府大阪市 此花区島屋六丁目2,ザ パーク フロント ホテル アット ユニバーサル・スタジオ・ジャパン/THE PARK FRONT HOTEL AT UNIVERSAL STUDIOS JAPAN,A-hmIIeiyU,TH
HOZrRb513Mle,2016-05-04T01:04:25Z,東京都港区台場一丁目8,Rainbow Bridge - Odaiba,A-tIfSnpZT,TH
BGK1qGboU3CV,2016-05-04T09:23:10Z,東京都渋谷区宇田川町22,NA,C-6HO4yxAf,AU
Etc2ycfD6X8G,2016-05-04T10:30:23Z,東京都渋谷区猿楽町18,代官山 蔦屋書店 DAIKANYAMA T-SITE,A-AZ73k5Oj,HK
K7uTpVuwaR7t,2016-05-04T13:09:45Z,京都府京都市 東山区清水一丁目283,"Kiyomizu Temple, Kyoto, Japan",B-unkr61HX,TH
tdBdYyYhdEKt,2016-05-04T14:07:37Z,千葉県成田市古込1,成田国際空港 (Narita International Airport) (NRT),B-PwxU6q6E,TH
0pJEyE7nE9fb,2016-05-04T17:13:48Z,京都府京都市 東山区清水一丁目283,"Kiyomizu Temple, Kyoto, Japan",C-mqhXaoYz,HK
hSIxMoFPtacn,2016-05-04T17:52:33Z,大阪府大阪市 浪速区桜川二丁目2,Esty Life Namba Nishi,B-UUcPgQC4,TH
NMHg860cEcdN,2016-05-04T22:30:28Z,大阪府大阪市 北区中之島五丁目3,NA,B-Y2Nj8A2J,ID
oCtnOIZM9WtF,2016-05-04T23:20:11Z,大阪府大阪市 中央区難波四丁目3,NA,A-feYVmgNc,ID
NqPYaCdknvqp,2016-05-04T23:33:33Z,神奈川県川崎市 幸区小向西町一丁目1,NA,B-3rIzdYs2,TH
T56K5TRo88Tg,2016-05-05T11:26:55Z,石川県金沢市丸の内8,Kanazawa Castle Park,C-9ROh4dks,TH
BSPKIs3bn3mp,2016-05-05T11:35:43Z,山形県鶴岡市馬場町9,"Tsuruoka, Yamagata",A-cScNlpUP,HK
uTcbLj2SrOVm,2016-05-05T12:07:20Z,東京都杉並区上荻一丁目6,NA,C-hH9qLhdR,KR
cd7pH2NcIjLO,2016-05-05T12:56:39Z,東京都大田区羽田空港二丁目6,NA,B-7Iqr9BXl,KR
lHnmdijHbqoy,2016-05-05T14:25:24Z,東京都杉並区高円寺南四丁目27,NA,B-7XXOHajb,TH
AIDMb0GdHOUt,2016-05-05T15:36:55Z,大阪府泉佐野市りんくう往来南3,samsonite,C-VaZADtzv,TH
Dt3q7KxKfoU5,2016-05-05T15:38:17Z,広島県広島市 中区基町21,Hiroshima Castle,C-fB4higmB,AU
UwvAH21unkr6,2016-05-05T17:12:06Z,大阪府大阪市 中央区大阪城1,大阪城 (Osaka Castle),B-nePvkz0o,KR
ekeoLZMbacpe,2016-05-05T18:35:18Z,大阪府大阪市 北区本庄東一丁目15,"Osaka, Japan",A-Qee7Hg1w,PH
8WtMObpGkmPO,2016-05-05T20:16:14Z,東京都大田区中馬込三丁目8,NA,A-p2NSdcSH,TH
AS8bhajGu4uG,2016-05-05T20:16:45Z,大阪府大阪市 中央区道頓堀一丁目10,"Dotonbori, Namba, Japan",A-3flUJtbZ,PH
MFVzXyrVrXPs,2016-05-05T20:29:11Z,東京都港区南麻布一丁目27,"Minato-ku, Tokyo, Japan",A-O0AxthJ1,US
ezyNhI5du8TM,2016-05-05T21:41:28Z,福岡県北九州市 小倉北区,NA,C-kXEnPgnc,GB
YrXZqT7ryUYM,2016-05-05T21:52:48Z,富山県中新川郡 立山町,Kurobe Dam,B-KfoU53PF,ID
2n2pybv17ywx,2016-05-05T22:05:34Z,東京都新宿区歌舞伎町一丁目24,Tokyo Shinjuku,B-4u5lOiUe,TH
CsiWJRnWmkuw,2016-05-05T22:59:03Z,京都府京都市 中京区壬生高樋町31,祇園  花見小路,C-pITvlQ9t,MY
2Bw4H6Fch0LV,2016-05-06T06:00:20Z,東京都新宿区西新宿七丁目10,Tokyo Shinjuku,C-zcaKisPc,ID
l23KyZ2cIoxo,2016-05-06T06:20:40Z,大阪府大阪市 中央区西心斎橋一丁目16,NA,C-1qGboU3C,US
m9U7Z3ngdv58,2016-05-06T11:22:33Z,東京都品川区八潮五丁目6,八潮ビール37,C-3njvd4vb,HK
OLev4GRpgHJy,2016-05-06T15:26:58Z,東京都渋谷区神南二丁目1,NA,B-3IwsnJDa,AU
uYTXcxUaVwfY,2016-05-06T15:56:38Z,群馬県前橋市大友町二丁目13,NA,C-cSzCZWph,ID
GJay4f4bsRwb,2016-05-06T16:16:41Z,東京都港区赤坂九丁目7,東京ミッドタウン / Tokyo Midtown,A-CprgjH5c,TW
I1UkErmU0ngZ,2016-05-06T16:20:02Z,東京都港区高輪二丁目3,NA,B-gdv58TDw,KR
JO1GOcUyne0k,2016-05-06T18:04:20Z,千葉県成田市木の根3,成田国際空港第1ターミナル南ウイング,C-hbtHidIz,HK
n4nIdgnO56s5,2016-05-06T18:47:00Z,大阪府大阪市 中央区大阪城1,NA,A-TbCJoMRO,PH
da49QqyHuQxZ,2016-05-06T22:56:32Z,千葉県松戸市上本郷2928,NA,B-gdv58TDw,KR
MySf3Peen0uD,2016-05-06T23:02:26Z,三重県伊賀市比土2565,NA,B-9jjXKgOB,ID
BkWVgv3rjvHo,2016-05-07T00:40:58Z,神奈川県川崎市 幸区小向西町四丁目17,NA,B-3rIzdYs2,TH
hcwmNcc1dm6O,2016-05-07T03:09:03Z,東京都港区赤坂一丁目12,Tokyo - Japan 東京,B-ug3OR1cj,US
TR38pw8VRowj,2016-05-07T03:26:31Z,千葉県松戸市上本郷2928,NA,B-gdv58TDw,KR
J5ScWmg0hLIN,2016-05-07T06:50:39Z,大阪府大阪市 此花区桜島二丁目1,大阪環球影城 Universal Studios Japan,B-H6gWTCLp,PH
s5ELo2oreDmZ,2016-05-07T10:12:54Z,兵庫県神戸市 中央区加納町六丁目4,神戸市 (Kobe City),C-GrrtEQsO,TH
l3DYF9SOw5FP,2016-05-07T10:44:48Z,東京都港区浜松町一丁目27,NA,A-JCBe7KBX,ID
KXUkK6T7KOjW,2016-05-07T14:27:10Z,大阪府大阪市 中央区千日前二丁目9,NA,B-RQkHZ3rs,ID
U0jkk29FYaAF,2016-05-07T14:29:39Z,東京都荒川区西日暮里二丁目19,日暮里駅 (Nippori Sta.),B-0pChxda4,TH
1HFI2u7CwfvO,2016-05-07T17:37:58Z,北海道札幌市 中央区北一条西十二丁目2,ニトリ文化センター,A-0c8xSlst,TH
TGXoah6hNoUL,2016-05-07T18:38:06Z,山梨県南都留郡 富士河口湖町浅川350,NA,B-NZzzdTb5,SG
5CMeFHkM532l,2016-05-07T19:17:52Z,神奈川県藤沢市片瀬海岸一丁目11,江ノ島,B-pYiBWOgr,TW
1Fv1B0Zi9DBE,2016-05-07T22:35:20Z,大阪府大阪市 中央区難波三丁目8,NA,A-iL0fIIlX,ID
2rFbwZ6UyQRF,2016-05-07T23:00:40Z,大阪府大阪市 北区本庄東一丁目15,NA,C-tdxaard6,AU
Jq4Z0jRbP5Pj,2016-05-08T00:27:39Z,東京都新宿区余丁町10,伏見稲荷大社,B-BmEXsQcE,TH
8NTgLy6nNhEv,2016-05-08T00:31:20Z,大阪府大阪市 浪速区恵美須東一丁目18,Shinsekai,C-QbGt2IRx,ID
K862xDzGaYPP,2016-05-08T08:39:23Z,大阪府泉佐野市りんくう往来北1,sky gate,C-rvUGyB5l,MY
zl44NImhcDL3,2016-05-08T10:41:21Z,東京都台東区上野公園5,上野恩賜公園 (Ueno Park),A-4vA7cFAE,MY
i2A6DglM74M2,2016-05-08T11:20:21Z,東京都新宿区新宿三丁目3,"Shinjuku-ku, Tokyo, Japan",B-TNMh2fhi,PH
SDT2Nc2ePdX7,2016-05-08T13:10:38Z,東京都新宿区歌舞伎町一丁目24,NA,A-x0fzgAIC,KR
HUby9cUhbDPF,2016-05-08T13:40:58Z,滋賀県近江八幡市上田町617,新幹線,B-ve2s2a1S,TW
oEIoX5qRpldz,2016-05-08T13:47:08Z,沖縄県那覇市泉崎一丁目8,"Naha, Okinawa",C-2ph4FjsH,ID
FhwG6FMgkbMh,2016-05-08T13:47:46Z,栃木県足利市迫間町460,あしかがフラワーパーク,B-OJKKYCeN,AU
oXbSW3dgrUav,2016-05-08T14:23:10Z,京都府京都市 左京区南禅寺福地町39,Keage Incline,A-eFHkM532,TH
hOuROBhDp0Ci,2016-05-08T14:52:30Z,埼玉県川越市脇田町105,アトレ川越 (Atre Kawagoe),B-FXAAMU2K,PH
jE2f2yjTDBwt,2016-05-08T16:18:04Z,東京都大田区羽田空港二丁目6,NA,C-EAG6Z7oQ,TH
nK3BfRuErM4C,2016-05-08T17:29:40Z,大阪府大阪市 中央区森ノ宮中央一丁目19,II ADO COMPANY,A-aXut8UpP,HK
N7zEOQ1JDoxt,2016-05-08T18:39:22Z,大阪府泉佐野市泉州空港北1,"関西国際空港 (Kansai International Airport, Osaka)",C-4ojlzjle,GB
3sG0JsPD9huc,2016-05-08T18:45:45Z,東京都港区六本木六丁目10,NA,B-aNXJNnXu,US
D4Wdd5iuRK9H,2016-05-08T19:08:52Z,東京都大田区羽田空港二丁目6,羽田空港 Tokyo International…,B-HDSipAHq,KR
WezohG815KS9,2016-05-08T23:42:09Z,東京都千代田区外神田一丁目17,NA,C-txEG4iuk,US
GuQgN03Dx7Sn,2016-05-09T00:39:58Z,京都府京都市 東山区清水一丁目283,NA,C-51OXUppV,US
RD9IC1Q4nlct,2016-05-09T07:47:24Z,千葉県木更津市,海ほたるPA,C-v48Px9pW,TH
Lta7pCWtsEby,2016-05-09T10:29:17Z,大阪府大阪市 東淀川区豊新五丁目18,东海道新干线（新大坂→东京）,A-CKxQGbGK,CN
GK1saZH2mJhe,2016-05-09T10:50:30Z,東京都港区六本木六丁目10,Roppongi Hills 六本木ヒルズ,B-JFr190qK,US
RL70b1ROv6yY,2016-05-09T11:49:16Z,大阪府大阪市 中央区大阪城1,NA,C-E6UCR8Tc,ID
sm862SCQFZPl,2016-05-09T13:40:33Z,東京都渋谷区代々木神園町1,NA,B-a3auHRL7,US
n7nTR79iSFLi,2016-05-09T13:53:26Z,福岡県太宰府市,太宰府天満宫 参道,B-llqSP1wV,CN
a3w9dXVGc64Q,2016-05-09T14:54:35Z,兵庫県神戸市 長田区若松町六丁目4,鉄人28号モニュメント,A-oyc3UzqI,TH
1HX9cfQlbwpQ,2016-05-09T15:00:46Z,奈良県奈良市春日野町1,Nara Park,C-6WQj9R85,SG
xdwiQ98nmGqL,2016-05-09T15:31:14Z,東京都武蔵野市吉祥寺東町一丁目1,NA,C-hH9qLhdR,KR
KPONb8trYBvl,2016-05-09T16:38:22Z,群馬県前橋市大友町二丁目13,NA,C-cSzCZWph,ID
jx7QJUPlc3Kz,2016-05-09T20:59:28Z,千葉県松戸市上本郷2928,NA,B-gdv58TDw,KR
mX6xratoB0bv,2016-05-09T23:19:06Z,福岡県北九州市 小倉北区,NA,C-kXEnPgnc,GB
syYBLQJJHaO0,2016-05-10T00:05:33Z,東京都新宿区歌舞伎町一丁目24,Tokyo Shinjuku,B-grRVJzMb,CN
MvExfqsCqcoa,2016-05-10T08:53:33Z,大阪府大阪市 此花区桜島二丁目1,NA,B-Y0jmDSX0,MY
W6etAmLVB8mo,2016-05-10T10:10:11Z,大阪府泉南郡 田尻町泉州空港中1,関西国際空港 (Kansai International Airport - KIX/RJBB),A-B7efZVSv,US
jpo63H3m8KfI,2016-05-10T10:10:42Z,大阪府泉南郡 田尻町泉州空港中1,南海 関西空港駅 (Kansai-Airport Sta.) (NK32),A-XpmDpAW0,KR
IqNhdKDQa9Jp,2016-05-10T12:04:21Z,東京都台東区上野四丁目9,NA,B-7Iqr9BXl,KR
8U8Qts121u7w,2016-05-10T13:16:35Z,東京都江東区豊洲五丁目2,ゆりかもめ 豊洲駅 (U16),C-v48Px9pW,TH
CbYeCvfL2ZcJ,2016-05-10T14:08:54Z,東京都新宿区西新宿一丁目10,新宿高速バスターミナル (Shinjuku Highway Bus Terminal),A-Pztrgt0C,TH
D3TDdx8r4LNe,2016-05-10T17:55:30Z,京都府京都市 東山区祇園町南側570,京都　祇園 迦陵 (kyoto  Gion karyo),A-RolOCNoT,US
N6kx2uXpvFk9,2016-05-10T17:59:10Z,青森県弘前市大字本町53,"Hirosaki, Aomori",B-TNMh2fhi,PH
50F2emYNFWyq,2016-05-10T18:18:58Z,北海道虻田郡 倶知安町,NA,B-pFPICK17,ID
YI98nzZeQDjL,2016-05-10T20:27:39Z,神奈川県横浜市 保土ヶ谷区仏向町611,"Yokohama, Japan",B-v6BSNbtk,US
2R8mjEuDuaOL,2016-05-10T20:59:13Z,神奈川県鎌倉市雪ノ下三丁目2,鎌倉鶴岡八幡宮神苑ぼたん庭園,B-CWn1gUbm,HK
KFN0E9A2Hazw,2016-05-10T21:38:08Z,大阪府大阪市 北区堂山町3,Ichiran Ramen Umeda,A-YaCdknvq,TH
uBpovEkg9D4J,2016-05-11T01:05:08Z,千葉県松戸市上本郷2917,NA,B-gdv58TDw,KR
XaxTDEW82Dlt,2016-05-11T02:23:59Z,奈良県吉野郡 大淀町大字下渕60,奈良県吉野郡大淀町,B-pXCFnAL1,HK
57o5Soc5kpkz,2016-05-11T09:03:03Z,東京都日野市程久保三丁目36,多摩动物公园駅 (Tama-dōbutsukōen Sta.) (KO47),A-Pob3uzdw,CN
SWdNlF74Xzqg,2016-05-11T09:13:55Z,東京都台東区上野公園5,上野恩賜公園 (Ueno Park),B-TKvfet4v,TH
9cYHewgKEVWN,2016-05-11T11:34:13Z,千葉県浦安市舞浜1,東京ディズニーランド (Tokyo Disneyland),C-wi5xivzb,SG
QhkYWIW3Iwsn,2016-05-11T14:32:03Z,大阪府大阪市 此花区桜島二丁目1,NA,B-Zn5NFRX6,ID
uuRan1ssL4b4,2016-05-11T15:11:00Z,大阪府泉南郡 田尻町泉州空港中1,NA,C-dRV72arf,CN
vXza14jxkc2Y,2016-05-11T15:38:47Z,宮城県本吉郡 南三陸町,南三陸町,A-FD2zlKPk,HK
BxIoznYQbGt2,2016-05-11T15:42:47Z,奈良県吉野郡 吉野町,Yoshino…,C-jX3G1brp,ES
2GNjzszqMlht,2016-05-11T21:22:49Z,東京都新宿区西新宿二丁目8,Tokyo Metropolitan Government Building,C-yvt9C7gI,FR
f9fPdoWJ1Bbs,2016-05-11T22:01:30Z,神奈川県横浜市 保土ヶ谷区仏向町611,"Yokohama, Japan",B-yyuPur24,KR
WrlBdduEMhre,2016-05-11T23:29:14Z,東京都中央区銀座六丁目18,NA,B-zx45oYNH,HK
SaqXuKYTK7QC,2016-05-12T09:44:06Z,東京都港区赤坂一丁目12,Tokyo - Japan 東京,C-mHgJIFzK,ID
sbw1QJv9MvfO,2016-05-12T14:31:22Z,千葉県浦安市舞浜1,東京ディズニーシー / Tokyo Disney Sea,B-D5gpihcw,PH
qzRaNXJNnXuO,2016-05-12T15:24:15Z,大阪府大阪市 浪速区難波中二丁目11,NA,C-ANZjyDNa,ID
uVEPsnpklR7m,2016-05-12T16:34:53Z,沖縄県那覇市字鏡水938,Okinawa -…,C-mpcBUSar,TW
h0CrpAjnoBua,2016-05-12T21:59:14Z,大阪府大阪市 淀川区宮原一丁目1,JR 新大阪駅 (Shin-Ōsaka Sta.),B-EsKypgw7,KR
Szr7Adfmb1ki,2016-05-12T22:50:32Z,千葉県鴨川市,NA,C-IJ7A61Cv,ID
NBOXhyjJlpEC,2016-05-12T23:19:30Z,東京都台東区浅草二丁目3,NA,A-0baeebfD,ES
NhqsseSQ2Q07,2016-05-13T01:14:59Z,東京都新宿区歌舞伎町一丁目1,Robot Restaurant tokyo,A-CZNlmmMA,US
TnHo7SUADmiF,2016-05-13T02:24:40Z,東京都江東区佐賀一丁目11,NA,C-b5dhi2iI,ID
jKkIGAX8eebX,2016-05-13T02:33:25Z,東京都武蔵野市吉祥寺北町三丁目6,NA,C-hH9qLhdR,KR
MQHyGKMcdlKP,2016-05-13T09:26:58Z,京都府京都市 下京区東塩小路釜殿町7,京都駅 (Kyoto Sta.),A-hkdzyU0j,TH
J289wvVtACpd,2016-05-13T12:31:32Z,富山県中新川郡 立山町,立山黑部雪の大谷ウォーク,A-WJRnWmku,TH
79uAgDLUaREz,2016-05-13T14:05:43Z,京都府宇治市宇治塔川1,宇治川 / Uji River,A-WJRnWmku,TH
xIM7NUmCsZXw,2016-05-13T15:38:21Z,大阪府大阪市 浪速区敷津西二丁目11,NA,A-ajn3oacl,PH
CK1vyh7ZWnUX,2016-05-13T17:11:06Z,奈良県奈良市登大路町39,Kōfuku-ji,A-CKxQGbGK,CN
WHCMQKlsEURm,2016-05-13T17:39:23Z,東京都新宿区西新宿二丁目8,NA,B-GSVktt1s,US
DfI5T6IdRV72,2016-05-13T19:53:31Z,福島県耶麻郡 猪苗代町大字川桁2262,NA,C-E5tF1vGg,ID
m2doAsfGl1tR,2016-05-13T20:54:53Z,東京都豊島区南池袋一丁目17,Ikefukurou Owl Cafe,C-hbtHidIz,HK
HRiPj6KaXnKM,2016-05-13T22:41:01Z,奈良県大和郡山市北郡山町247,NA,C-jX3G1brp,ES
huZ9gwpYY2rw,2016-05-13T23:22:52Z,兵庫県神戸市 中央区明石町38,NA,C-OvYgclto,HK
2Em1OOnJ5hTy,2016-05-14T08:51:01Z,大阪府大阪市 浪速区難波中二丁目9,南海 なんば駅 (Nankai Namba Sta.)(NK01),B-VmRL7Cmk,HK
CCPBvM8Xivff,2016-05-14T09:10:13Z,東京都大田区山王三丁目5,NA,B-3rIzdYs2,TH
ydAnbtutmc3L,2016-05-14T10:47:59Z,北海道札幌市 中央区北十一条西二十二丁目1,海鮮食堂 北のグルメ亭,A-0c8xSlst,TH
dZurSJLUzhQV,2016-05-14T11:44:25Z,神奈川県川崎市 幸区小向西町一丁目1,NA,B-3rIzdYs2,TH
f6OIf6KsE91C,2016-05-14T11:46:35Z,富山県富山市野口南部35,Toyama Prefecture,B-262NxgOx,US
Pdsn6NB6kmn7,2016-05-14T12:38:16Z,京都府京都市 南区東九条上殿田町49,NA,A-BtvINq0u,ID
U8QSoTEDFzMI,2016-05-14T21:02:09Z,東京都豊島区南池袋一丁目17,Ikefukurou Owl Cafe,C-hbtHidIz,HK
mzO13hILnBK7,2016-05-15T00:08:21Z,東京都台東区浅草一丁目2,"Sensoji Temple, Asakusa",B-6UwvAH21,PH
tgw8lQH6apdT,2016-05-15T00:26:41Z,大阪府大阪市 中央区西心斎橋一丁目3,Hotel Nikko Osaka,A-0fASEKnR,PH
un8IaPLVRqkz,2016-05-15T02:03:34Z,京都府京都市 伏見区深草藪之内町1,NA,A-qAmimnhW,MY
2nyyyUdm5nkX,2016-05-15T08:59:29Z,茨城県東茨城郡 茨城町城之内688,NA,B-AdFaNBZS,ID
GbMOxLnwVMlK,2016-05-15T09:15:29Z,東京都港区芝公園四丁目2,东京タワー　Tokyo Tower,A-saZH2mJh,CN
zqIllqSP1wVF,2016-05-15T12:37:30Z,神奈川県横浜市 保土ヶ谷区仏向町611,NA,C-kIyCZPVY,US
iCdxnq5QDibj,2016-05-15T12:40:07Z,大阪府大阪市 此花区桜島三丁目3,ザ・フライング・ダイナソー / The Flying Dinosaur,A-hmIIeiyU,TH
ltt3ifwCOZ1C,2016-05-15T15:59:58Z,東京都渋谷区代々木神園町1,Meiji Jingu ( 明治神宮 ),B-Q01riVbd,ES
o7kKkYBpL7tW,2016-05-15T17:51:54Z,京都府京都市 中京区壬生森町56,NA,C-QKAXPwiG,TH
7O7hIFOBsdwG,2016-05-15T18:55:37Z,大阪府大阪市 中央区東心斎橋一丁目17,NA,B-a32r9nwM,ID
r0Bkf1m242H0,2016-05-15T19:14:25Z,富山県中新川郡 立山町,みくりが池温泉,C-VqP3Bu7B,CN
VrGtMpqp1yOF,2016-05-15T19:22:43Z,京都府京都市 下京区東塩小路町1,Machiya Yakisoba,C-zWrlBddu,US
AStJN6kSqdXr,2016-05-15T19:29:07Z,宮崎県宮崎市,NA,B-2QDsl1HF,TH
SN3NxooWvcI6,2016-05-15T21:50:43Z,大阪府大阪市 此花区桜島二丁目1,大阪環球影城 Universal Studios Japan,C-GxIM7NUm,NA
6junHv49aJZR,2016-05-15T22:19:07Z,東京都新宿区内藤町11,Shinjuku Gyoen National Garden,A-9MvfOfmR,PH
Xi6TdKRy4UIm,2016-05-16T09:49:00Z,富山県中新川郡 立山町,Kurobe Dam,A-fvNHzWdv,MY
3kZ3OqlVmuyl,2016-05-16T12:43:55Z,兵庫県神戸市 東灘区向洋町中二丁目9,NA,C-3OqlVmuy,ID
NPlmeuXilHp7,2016-05-16T12:51:31Z,大阪府大阪市 北区本庄東一丁目15,NA,A-1UHM8T2t,TW
Ws5pOjGUfsgi,2016-05-16T12:52:59Z,東京都武蔵野市吉祥寺北町三丁目6,NA,C-hH9qLhdR,KR
8iXgqbHxyj0c,2016-05-16T13:31:50Z,長野県松本市大字島内2067,NA,C-TMSI8FhZ,ID
2p17bVxzTceB,2016-05-16T14:17:18Z,東京都渋谷区道玄坂二丁目1,渋谷駅/Shibuya station,A-CKxQGbGK,CN
oj1q80ak0jZg,2016-05-16T15:17:48Z,東京都足立区梅田一丁目25,NA,A-hKyZ3AKK,US
0Iu9E8i5m4FA,2016-05-16T15:47:15Z,東京都渋谷区代々木神園町2,Yoyogi Park,A-Tz38wKFN,US
gXaLZbMNt2Wu,2016-05-16T18:21:18Z,京都府京都市 下京区御旅町58,京都タカシマヤ (Takashimaya Kyoto),A-JDGNlT56,TH
pbubvfdU50KM,2016-05-16T19:15:39Z,岐阜県大野郡 白川村,白川郷(Shirakawa-go),A-bhAfFh7i,CN
CBe7KBXXR00j,2016-05-16T19:46:20Z,東京都渋谷区神宮前一丁目15,NA,C-GbEGfM6H,US
WsLf3iRZfcUx,2016-05-17T00:08:55Z,東京都渋谷区宇田川町1,"Shibuya, Tokyo",A-vW99tgvk,GB
2ahip1GGdJIy,2016-05-17T00:31:52Z,大阪府大阪市 中央区道頓堀一丁目8,NA,A-65IWCAKF,US
5q236y9TyD4q,2016-05-17T00:57:54Z,山梨県北杜市,NA,B-iIjl2Khh,US
YAGpLzeZjQT2,2016-05-17T02:49:59Z,東京都渋谷区神宮前六丁目1,NA,A-NA0xy2GN,GB
XZZLE7JhN5BK,2016-05-17T09:45:26Z,京都府京都市 東山区祇園町北側282,NA,B-UKNYyv3L,HK
qOctKTl0G36m,2016-05-17T12:45:15Z,京都府京都市 下京区十文字町668,NA,B-DQEcEdVd,ES
DF5Sr0UzE7Si,2016-05-17T13:41:50Z,東京都台東区上野公園1,NA,B-M0Pjj3pq,ID
mNOIb0TGJJK5,2016-05-17T15:51:13Z,奈良県奈良市春日野町1,NA,C-qCJaJT0d,KR
3yycIkWDxhZQ,2016-05-17T17:22:06Z,東京都渋谷区代々木神園町1,Meiji Shrine,B-Sm6aD3a9,GB
6NatWKDBQlTM,2016-05-17T19:10:33Z,千葉県松戸市上本郷2917,NA,B-gdv58TDw,KR
L1FxLd5eZN9U,2016-05-17T19:50:21Z,福岡県福岡市 中央区,"Fukuoka-shi, Fukuoka, Japan",B-eFI3v0r4,MY
WygFkHjECs0d,2016-05-17T20:49:32Z,島根県松江市袖師町1,NA,B-dznPxCrw,TW
0AxthJ1Bd0DC,2016-05-17T20:56:39Z,青森県つがる市,Takayamainari,A-zMUAuy1p,US
cPs9akejCTtb,2016-05-17T22:43:42Z,兵庫県神戸市 中央区中山手通一丁目2,NA,A-IaPLVRqk,US
CGFZv8m3zjxr,2016-05-18T01:12:20Z,大阪府大阪市 中央区難波二丁目2,NA,B-Y0jmDSX0,MY
pl29cFMv71d6,2016-05-18T01:30:05Z,東京都新宿区百人町一丁目17,Ōkubo Station,A-RQ3iVLUu,CN
qP3Bu7Bczb5a,2016-05-18T07:08:13Z,福岡県福岡市 中央区,NA,B-oN5M5Q2Y,ID
tt2UJAi0DOgJ,2016-05-18T11:40:39Z,北海道釧路市桜ケ岡六丁目20,Snoopy Museum Tokyo,A-eGNam2fN,CN
29YHR5xuY5bS,2016-05-18T13:00:11Z,北海道函館市若松町11,函館 朝市,B-7k3Ts3uJ,SG
SNildwjWr5zF,2016-05-18T13:03:48Z,東京都渋谷区代々木三丁目59,NA,B-zal4eO72,ID
gBuCoQkFBkQ2,2016-05-18T17:03:28Z,山梨県南都留郡 富士河口湖町船津3491,NA,A-9ZWCYNme,TH
ne6pptEVL5iQ,2016-05-18T20:12:04Z,千葉県松戸市上本郷2928,NA,B-gdv58TDw,KR
NMYTbdH4wUGJ,2016-05-18T22:22:40Z,千葉県成田市取香113,Narita International…,A-XDtsYAER,CN
FS7Pztrgt0Ca,2016-05-19T10:16:36Z,大阪府大阪市 北区大深町2,Suntory Whisky House,B-8eebXN6D,KR
P4SdHmvvwVQu,2016-05-19T11:53:01Z,静岡県藤枝市大洲一丁目21,新干线内,A-CKxQGbGK,CN
qEz2iQoQee7H,2016-05-19T13:41:47Z,東京都中央区銀座二丁目6,NA,A-6oNW5G7J,PH
yF3CWXk20r5O,2016-05-19T14:41:36Z,静岡県三島市NA4710,Mishima Skywalk - スカイウォーク,C-v48Px9pW,TH
t2iBojQA3KPV,2016-05-19T17:22:05Z,東京都新宿区新宿三丁目3,NA,C-8rEYoUP0,KR
AtlCpm9qtQBI,2016-05-19T17:42:05Z,大阪府大阪市 浪速区恵美須東二丁目4,新世界 (Shinsekai),A-hmIIeiyU,TH
UIp36oVlDjuM,2016-05-19T19:07:33Z,東京都墨田区業平一丁目22,東京スカイツリー / Tokyo…,C-SLGoMble,ID
yDawHZSAwVGL,2016-05-19T19:45:58Z,東京都港区赤坂一丁目12,NA,B-iIbYyQTx,US
QcEAjGAD32Nt,2016-05-19T21:08:38Z,広島県廿日市市宮島町408,NA,C-tsEbyvIH,GB
291ug3OR1cjD,2016-05-20T01:09:43Z,大阪府大阪市 中央区博労町二丁目6,燗の美穂,C-JR8lHVlR,GB
uyBu15erJUHP,2016-05-20T04:37:47Z,山口県山口市滝町4,NA,C-EWrFgfFO,US
KxUnLgumj4O2,2016-05-20T10:09:53Z,東京都港区赤坂一丁目12,Tokyo - Japan 東京,B-CWcOIvsG,TH
5AZ0zgTEAG6Z,2016-05-20T10:26:15Z,大阪府大阪市 此花区桜島二丁目1,大坂环球影城 Universal Studios Japan,B-VSvDCMRZ,CN
XXsdwKFlDl7i,2016-05-20T10:51:19Z,東京都豊島区池袋二丁目40,NA,A-cIjLOGrH,US
8V4fiBC0OHWA,2016-05-20T13:21:21Z,福島県耶麻郡 猪苗代町大字川桁2200,観音寺川,B-NhUTgUMC,CN
lstiinTsCg2v,2016-05-20T23:39:52Z,大阪府大阪市 北区本庄東一丁目15,NA,A-1UHM8T2t,TW
vb9BdMQBkzdU,2016-05-21T00:57:49Z,埼玉県川越市元町二丁目2,NA,B-S3N07vXz,CN
PxtBncmiB9oa,2016-05-21T00:59:54Z,東京都港区愛宕一丁目7,愛宕神社　Atago Shrine,C-UfX6zaER,KR
HO8Ql1vUUcPg,2016-05-21T01:37:04Z,東京都渋谷区宇田川町1,NA,C-vjzPgoIP,FR
kocmH9S29zXf,2016-05-21T07:25:28Z,京都府京都市 下京区十文字町668,NA,A-HPyBetdR,IN
4clTiXlgwPAi,2016-05-21T07:47:04Z,福岡県福岡市 博多区,博多駅 (Hakata Sta.),B-5m4FA1Zv,TH
2T25OiUHLXj5,2016-05-21T08:36:33Z,東京都渋谷区神宮前六丁目1,NA,C-KtBVdyJ7,US
pGIwtBTVbHMG,2016-05-21T08:45:12Z,長崎県長崎市稲佐町38,稲佐山観光ホテル,C-BaDGsnMM,MY
nuJPLHjoXPzi,2016-05-21T09:46:11Z,大阪府大阪市 中央区日本橋一丁目16,末廣軒,C-VaZADtzv,TH
gNcJiBMtus5j,2016-05-21T13:55:52Z,栃木県宇都宮市駅前通り三丁目1,NA,B-qr431b4e,ID
SHijHW3x9MmS,2016-05-21T14:54:49Z,東京都大田区羽田空港三丁目3,東京国際空港 / 羽田空港 (Tokyo International Airport) (HND),A-f9qbQjhH,TH
mVfTbylzboiT,2016-05-21T16:38:45Z,東京都渋谷区代々木神園町1,Meiji Jingu ( 明治神宮 ),C-vjzPgoIP,FR
KYKDJwftKQ7l,2016-05-21T17:25:06Z,東京都港区芝公園四丁目2,Tokyo Tower,A-9MvfOfmR,PH
PiYdopzIDaw0,2016-05-22T08:42:30Z,東京都新宿区歌舞伎町一丁目24,Tokyo Shinjuku,C-RcU6Fbq2,HK
4MfHdyeCIRF7,2016-05-22T11:29:11Z,北海道札幌市 豊平区豊平五条十三丁目1,Toyohira-Kōen Station,A-X4MFGkXq,TH
ZTSWc1bR5weg,2016-05-22T13:24:51Z,千葉県浦安市明海六丁目2,NA,C-zcaKisPc,ID
G7JG7LwxnyUa,2016-05-22T14:06:00Z,東京都港区台場一丁目8,The Statue of Liberty,A-I3ebaECS,GB
gHAYORimkWSK,2016-05-22T19:13:14Z,大阪府大阪市 北区中之島一丁目3,大阪市 (Osaka),B-UUcPgQC4,TH
TX7fYMX2arIy,2016-05-22T19:57:41Z,北海道札幌市 中央区北四条西四丁目1,NA,B-tWKDBQlT,MY
7oQwJ68QG51Q,2016-05-22T20:45:49Z,大阪府大阪市 中央区大阪城1,Osaka Castle 大阪城,A-NJiFE4oo,ID
8Jjyw3gJLdF3,2016-05-22T21:03:59Z,東京都新宿区内藤町11,NA,C-ZfcUxvwP,AU
pq646NEeD6uZ,2016-05-22T21:39:39Z,愛知県名古屋市 中区大須三丁目43,NA,A-OYBvjrJS,TH
DrYPSh0YRlu2,2016-05-22T22:25:00Z,三重県桑名市長島町駒江270,NA,C-JRGC40jq,PH
gAQFTVPCkyG6,2016-05-22T23:22:04Z,兵庫県神戸市 中央区雲井通七丁目1,NA,C-OvYgclto,HK
vImElYuK3okt,2016-05-23T01:34:31Z,東京都渋谷区恵比寿南一丁目9,NA,C-vsnAZQXh,ID
ZNlmmMApFPIC,2016-05-23T09:11:05Z,東京都新宿区歌舞伎町一丁目24,Tokyo Shinjuku,B-TK862xDz,ES
I3HOkasfe2He,2016-05-23T10:20:01Z,北海道札幌市 北区百合が原公園210,百合が原公園,A-6q5tmoZP,MY
3egBtvINq0u7,2016-05-23T12:06:20Z,北海道札幌市 手稲区手稲金山172,NA,C-IJ7A61Cv,ID
fmRiVkCYDStc,2016-05-23T12:54:42Z,奈良県奈良市春日野町1,NA,A-mNcc1dm6,PH
r1qiXpM7X0c3,2016-05-23T14:19:48Z,宮城県仙台市 青葉区大町二丁目10,Nishi Park Sendai,A-WuSFItAL,TH
lYvzzQcwYFWv,2016-05-23T14:37:19Z,千葉県成田市取香113,Narita International Airport -…,A-mcd7pH2N,PH
N6JqncnvpMK0,2016-05-23T18:09:48Z,神奈川県横浜市 西区浅間町一丁目5,NA,B-7Iqr9BXl,KR
BmBCpvEzGdPF,2016-05-23T18:17:14Z,福岡県北九州市 若松区,NA,A-9cFMv71d,ID
znPxCrwwIRfy,2016-05-23T18:30:29Z,千葉県浦安市舞浜1,東京ディズニーシー / Tokyo Disney Sea,A-nmGqLBKL,PH
bPMwRRzKI8Lt,2016-05-23T19:36:29Z,大阪府大阪市 中央区難波一丁目7,NA,A-eoZj9A6Q,ID
aDGsnMMOOvr8,2016-05-23T21:25:14Z,東京都武蔵野市吉祥寺東町一丁目1,NA,C-hH9qLhdR,KR
94jpZtYz3N9K,2016-05-23T21:39:26Z,京都府京都市 右京区嵯峨天龍寺立石町1,Arashiyama Bamboo…,C-bgKHONxJ,ID
lhfmqhXaoYzT,2016-05-23T23:51:11Z,東京都千代田区紀尾井町4,The New Otani Tokyo Japan,B-ZzrUuP6l,ES
0n2fvNHzWdvf,2016-05-24T06:51:55Z,東京都港区台場一丁目9,ヒルトン東京お台場 (Hilton Tokyo Odaiba),B-bF7P1GyN,US
J2qVyxmPoZxV,2016-05-24T09:34:36Z,兵庫県神戸市 中央区小野柄通六丁目1,NA,C-OvYgclto,HK
Px2SiduuIKpw,2016-05-24T09:41:03Z,埼玉県春日部市大場1090,武里駅 (Takesato Sta.),C-VaZADtzv,TH
dgPE5tF1vGg1,2016-05-24T09:45:56Z,東京都台東区浅草二丁目3,Asakusa Sensoji Temple,B-4vtt8Wvn,FR
cvpUNFEqFCev,2016-05-24T15:27:31Z,北海道函館市大森町7,NA,C-UAwRwVrG,TH
VlOSUxEmFFb3,2016-05-24T15:37:10Z,東京都千代田区丸の内一丁目9,T's Tantan,B-6bWvT1Iw,US
XmF4slrAZSou,2016-05-24T17:06:56Z,大阪府泉南郡 田尻町泉州空港中1,Kansai International Airport 関西囯際空港,C-6GwMjhDQ,NA
zneGSVktt1si,2016-05-24T17:43:37Z,東京都港区六本木五丁目8,スヌーピーミュージアム,B-xBIWmLwp,CN
72OAdKx2OnpA,2016-05-24T18:43:16Z,東京都豊島区西池袋一丁目15,池袋西口公园 - Ikebukuro West Gate Park,C-N3mHMs8M,CN
0mJr3FRICPTd,2016-05-24T20:16:27Z,東京都港区西麻布二丁目2,NA,A-NuuRan1s,HK
sgbwQ9BFdEAB,2016-05-24T21:22:59Z,神奈川県横浜市 西区楠町19,NA,B-7Iqr9BXl,KR
qimvITrG4iWL,2016-05-24T23:03:51Z,兵庫県姫路市本町68,NA,C-OvYgclto,HK
6gWTCLphKyZ3,2016-05-25T00:42:26Z,大阪府大阪市 北区本庄東一丁目15,"Osaka, Japan",B-QqlxTac2,ID
wTNMARkeB57t,2016-05-25T00:52:46Z,東京都港区芝公園一丁目5,日本料理 花山椒,A-EXBfv8cy,PH
qU1u9f7VWMn4,2016-05-25T07:37:09Z,茨城県取手市新町一丁目4,NA,B-gdv58TDw,KR
KhhLpKPawGUZ,2016-05-25T09:42:50Z,東京都台東区上野四丁目10,上野恩賜公園 Ueno Park,A-Lo2oreDm,TH
zKySu9zlH3bl,2016-05-25T10:34:37Z,北海道北斗市市渡808,新函館北斗駅,A-qqVc5dEC,HK
mtdwami5BzOl,2016-05-25T12:10:06Z,東京都渋谷区神宮前四丁目31,Kawaii…,B-6eLNbpl2,US
FhZpxepHZrmZ,2016-05-25T14:22:54Z,東京都渋谷区代々木神園町1,Meiji Jingu ( 明治神宮 ),A-bDQkevOm,TW
saFB7efZVSvi,2016-05-25T17:46:22Z,東京都港区六本木六丁目7,Ms.BUNNY,A-XbUcGhKU,AU
fKwxocuUy5CF,2016-05-25T18:05:37Z,東京都新宿区西新宿七丁目10,Tokyo Shinjuku,C-AjGAD32N,HK
NdOBvaEwNFzG,2016-05-25T18:15:23Z,栃木県佐野市越名町2058,Sano Premium Outlets,C-di3UbfZi,TW
H5ccWjju5ahu,2016-05-25T18:18:16Z,東京都港区六本木五丁目6,SNOOPY MUSEUM TOKYO スヌーピーミュージアム,B-HDSipAHq,KR
3a9iIbYyQTxX,2016-05-25T18:43:16Z,兵庫県神戸市 中央区京町67,Saturdays Surf Nyc Kobe,B-HVlOSUxE,CN
9blTBMZZ9e1K,2016-05-25T18:51:37Z,東京都新宿区新宿五丁目17,花園神社 (Hanazono-Jinja Shrine),B-7UplYF6F,TH
pfwUrGdKxerO,2016-05-25T20:25:19Z,東京都墨田区押上一丁目1,Tokyo Skytree Tower,C-Jykfwx4t,CN
Ern2S20Tfxs7,2016-05-25T20:56:03Z,東京都豊島区南池袋一丁目17,Ikefukurou Owl Cafe,C-hbtHidIz,HK
BIWmLwpmfLy5,2016-05-26T00:48:18Z,福岡県太宰府市,NA,A-KWG39fqY,TH
tpLvbaVTaRQE,2016-05-26T03:38:44Z,愛知県名古屋市 中区錦一丁目19,NA,B-2OnpAun8,US
bCJoMRObVUlR,2016-05-26T06:23:58Z,大阪府大阪市 北区本庄東一丁目15,NA,B-9W0lf0mJ,KR
SIx3WCIJmnyi,2016-05-26T12:00:22Z,栃木県足利市迫間町460,あしかがフラワーパーク,B-QDt3q7Kx,AU
2HpA7RdjPLP1,2016-05-26T13:49:06Z,奈良県奈良市春日野町1,春日荷茶屋,A-CKxQGbGK,CN
F1khVYVtc3Qs,2016-05-26T14:56:30Z,東京都新宿区西新宿二丁目8,Tokyo…,B-fYMX2arI,US
mrU4ld5Wn9nt,2016-05-26T19:06:00Z,東京都新宿区新宿二丁目4,新宿御苑 Shinjuku Gyoen,C-ouC7ZSaq,US
yq9nRFmDUod2,2016-05-26T19:52:49Z,東京都渋谷区神宮前四丁目12,NA,B-sfVgFq6c,NA
xwY6CtJldaNs,2016-05-26T20:35:26Z,大阪府大阪市 此花区桜島二丁目1,Hogwarts Castle ホグワーツ城 the Wizarding World of Harry Potter,C-USKzOsaF,PH
308QVf3sez8b,2016-05-26T23:22:23Z,東京都渋谷区道玄坂二丁目2,NA,A-ZeDyCQ5o,ID
FEBQs6ewgaY5,2016-05-26T23:35:49Z,東京都台東区浅草二丁目5,NA,A-mH9S29zX,ID
rFeQ4yDfPA2Y,2016-05-26T23:38:47Z,富山県中新川郡 立山町,Tateyama Kurobe Alpen Route,B-UaREzMhV,NA
8bBQvOrcs7wv,2016-05-27T09:01:09Z,北海道函館市若松町11,NA,A-ldC3aEcd,TH
QcJw0LfGQKhS,2016-05-27T10:32:29Z,山梨県南都留郡 富士河口湖町船津3491,富士河口湖町,B-UgTv9RdS,TH
74Yjs4ERn6Rv,2016-05-27T11:52:24Z,東京都台東区浅草一丁目4,天麩羅処 葵丸進,C-KBDhOOKQ,AU
TxDb5dhi2iIX,2016-05-27T12:39:41Z,京都府京都市 右京区嵯峨天龍寺芒ノ馬場町1,"渡月橋 / Togetsukyo Bridge, Arashiyama, Kyoto",A-1kIsN3FU,US
g9Nf0gUjX3G1,2016-05-27T13:20:53Z,東京都千代田区神田花岡町1,秋葉原駅 (Akihabara Sta.),C-YaaCT95z,US
wDo6vQwISM1I,2016-05-27T13:23:33Z,長崎県佐世保市山県町3,xoxo ｷｽｷｽ,A-ZNa8Vzne,ID
dC3aEcdXa0um,2016-05-27T14:58:48Z,東京都江戸川区西一之江三丁目25,NA,A-yjyqRUxj,ID
KA88e2LouwWx,2016-05-27T17:45:10Z,東京都新宿区西新宿三丁目9,NA,A-5fIh0k2L,AU
r431b4eRcU6F,2016-05-27T18:00:13Z,東京都墨田区業平一丁目22,東京スカイツリー / Tokyo Skytree,A-qUD4XOWY,TH
fIcnL2yxzt3k,2016-05-27T18:50:05Z,奈良県奈良市春日野町1,NA,C-jX3G1brp,ES
k3Ts3uJTUIK3,2016-05-27T19:25:19Z,東京都豊島区池袋二丁目40,NA,B-su4RJydo,TH
5bLsmuMbl7d6,2016-05-27T20:14:07Z,富山県富山市桜町一丁目1,ラーメン 一心,B-FBkQ2vyY,KR
S7NvjDZSCUFK,2016-05-27T20:37:18Z,大分県玖珠郡 九重町,NA,C-G2az6vJp,US
BIsFD5dQi4SA,2016-05-27T21:26:02Z,京都府京都市 東山区清水二丁目211,วัดคิโยมิสึ วัดน้ำใส เกียวโต,A-nBJjqNfV,TH
gTkc7j2w10Kw,2016-05-27T23:01:30Z,福岡県太宰府市,九州国立博物馆,C-5TGt4SgP,CN
A3VgmUV3pEnY,2016-05-28T05:17:08Z,千葉県松戸市上本郷2928,NA,B-gdv58TDw,KR
x43vfPtcSzCZ,2016-05-28T09:17:59Z,愛知県名古屋市 中区本丸1,名古屋城 (Nagoya Castle),A-KEyy1TM5,TH
1CvhFr3UOST0,2016-05-28T09:36:16Z,東京都千代田区皇居外苑3,皇居 Tokyo Imperial Palace,C-s7T3irpO,TH
XXOHajbyYe3E,2016-05-28T13:04:06Z,千葉県浦安市舞浜1,NA,B-7gxMBUuC,PH
Wq4vPImjvqo1,2016-05-28T13:37:05Z,東京都港区北青山三丁目5,NA,B-aNXJNnXu,US
1eElkWuLxEjn,2016-05-28T14:38:30Z,東京都台東区上野公園2,不忍池 (Shinobazu Pond),B-ZswYAjRD,CN
LLQpwdevG9qE,2016-05-28T15:47:37Z,兵庫県神戸市 北区有馬町290,NA,A-qAmimnhW,MY
i3UbfZiRQ3iV,2016-05-28T18:21:52Z,大阪府大阪市 北区大淀中一丁目1,梅田スカイビル（Umeda Sky Building),B-wIRfyPxt,PH
rUsz7Tbm2Aet,2016-05-28T23:58:56Z,東京都中央区銀座三丁目6,"銀座 - Ginza ,Tokyo",A-Wu2Yo0pJ,US
MCTCVNxdORm8,2016-06-01T09:07:51Z,京都府京都市 下京区本覚寺前町818,NA,A-xMoFPtac,FR
8POP6SfZ5qBg,2016-06-01T13:11:04Z,東京都千代田区外神田一丁目15,NA,B-imRIo12e,US
vyYWzdH4O3Oi,2016-06-01T17:16:30Z,北海道網走市新町二丁目2,北海道 JR網走駅,B-GYsyGkB0,NA
vjYeTeGe0a2w,2016-06-01T21:37:44Z,東京都台東区谷中三丁目11,NA,C-4SwtdS2V,ID
SUO1YSZVlabb,2016-06-02T08:33:13Z,東京都品川区八潮五丁目10,八潮パークタウン,C-3njvd4vb,HK
O5pFLy6IgRZE,2016-06-02T11:36:28Z,沖縄県中頭郡 北谷町字上勢頭812,がじまる食堂,B-vM7M4vdL,US
HPOHzgCR0s79,2016-06-02T11:41:36Z,大阪府大阪市 此花区桜島二丁目1,ユニバーサル・スタジオ・ジャパン / Universal Studios Japan (USJ),C-sWsLf3iR,TW
49oI33HcpfAu,2016-06-02T11:42:45Z,東京都千代田区丸の内一丁目9,Starbucks Tokyo Station,C-8hE0V8S0,TH
uFQOOBQvfn1g,2016-06-02T14:59:35Z,新潟県村上市,笹川流れ,A-cScNlpUP,HK
4VbKJVt9j7AP,2016-06-02T16:39:24Z,東京都墨田区業平一丁目22,東京スカイツリー / Tokyo Skytree,C-I8rgztrX,TH
0Pjj3pqzcaKi,2016-06-02T17:27:01Z,山梨県南都留郡 鳴沢村,Fuji Moutain,C-pOFQ3YvN,ID
CsKoCwIw3jpP,2016-06-02T18:51:17Z,東京都文京区後楽一丁目3,NA,B-iinTsCg2,US
8lqm8ntvcHhD,2016-06-02T23:10:15Z,東京都葛飾区青戸五丁目18,NA,B-iVkCYDSt,ID
9qbQjhHDoRCh,2016-06-02T23:16:00Z,大阪府大阪市 東住吉区長居公園1,大坂市立自然史博物馆,B-Ah8GxZyI,CN
6wo3dcYiEeog,2016-06-03T00:09:57Z,東京都渋谷区神宮前一丁目10,NA,B-syiY1HrM,ID
2SYeFa4eUPaO,2016-06-03T08:16:42Z,茨城県つくば市高野台三丁目6,"Tsukuba International Center, JICA",C-BlNZ6Sjc,CN
dECvM7M4vdLD,2016-06-03T08:52:02Z,東京都文京区白山二丁目22,NA,A-1dtiP8Yq,GB
EOPPjpLKscDA,2016-06-03T10:11:01Z,福岡県福岡市 中央区,NA,A-9cFMv71d,NA
NmSa20In2YPY,2016-06-03T10:27:58Z,滋賀県栗東市下戸山1270,Japan,C-RpldzvVr,US
JrO8f2ufyWri,2016-06-03T14:46:25Z,千葉県成田市古込1,成田国際空港 (Narita International Airport) (NRT),B-VfD0Md0H,TH
sPcHPCTFuhcq,2016-06-03T19:37:06Z,東京都港区六本木六丁目10,NA,B-wMNCuikU,ID
eDBve2s2a1SH,2016-06-03T19:45:55Z,兵庫県神戸市 中央区元町高架通1,JR Motomachi Station,A-f73aNJGh,KR
hE0V8S0CWcOI,2016-06-03T20:03:23Z,京都府京都市 伏見区深草藪之内町1,Fushimi Inari-taisha,B-EpIa5lKC,TH
HJyiUIalIuRX,2016-06-03T21:35:33Z,北海道札幌市 西区宮の沢二条二丁目12,白い恋人パーク / Ishiya Chocolate Factory,A-AddsqY4b,CN
mESnIr0OsQtw,2016-06-03T21:46:19Z,東京都台東区浅草二丁目3,NA,A-Swe1C3X5,US
WIJOHLs4o23C,2016-06-03T22:46:54Z,東京都新宿区西新宿二丁目8,Tokyo Metropolitan Government Building,A-EnuJPLHj,PH
rJ80GGPeAZiC,2016-06-04T00:08:11Z,千葉県松戸市上本郷2928,NA,B-gdv58TDw,KR
7jtoDt4LpgyB,2016-06-04T11:38:08Z,京都府京都市 下京区足袋屋町330,NA,C-hjfbuPZq,ID
u2jHitFUoSss,2016-06-04T18:46:47Z,東京都世田谷区玉川一丁目16,二子玉川公園,C-zE7Si2Bw,US
gHCsxARLTILc,2016-06-04T18:48:28Z,大阪府大阪市 中央区道頓堀一丁目8,道頓堀　Dōtonbori,B-lgHCsxAR,PH
ap5RuIR4X4my,2016-06-04T19:38:12Z,東京都武蔵野市吉祥寺北町三丁目6,NA,C-hH9qLhdR,KR
ePDuVIjbzlWd,2016-06-04T20:16:23Z,千葉県成田市取香237,成田東武ホテルエアポート (Narita Tobu Hotel Airport),B-XW0kxoz3,US
6bZ79ZdbfdZO,2016-06-05T00:46:16Z,千葉県松戸市上本郷2917,NA,B-gdv58TDw,KR
VjLjGN0Ja4ru,2016-06-05T08:31:54Z,北海道函館市若松町11,NA,A-ADmiFJ2q,ID
5O7nYGPZpQpS,2016-06-05T08:42:34Z,京都府京都市 北区紫野南舟岡町73,NA,C-3IghP0n2,US
JcojsK3DzZlQ,2016-06-05T08:48:34Z,東京都港区赤坂四丁目9,NA,A-sjKkIGAX,US
d5pHDTmumLiM,2016-06-05T09:24:42Z,東京都中央区銀座八丁目11,NA,B-wgaY5bPJ,US
PP6snudcJZ7U,2016-06-05T11:31:27Z,京都府京都市 伏見区深草石峰寺山町6,伏見稲荷大社 千本鳥居,C-0b1ROv6y,TH
vt9C7gIu1cXj,2016-06-05T11:38:24Z,東京都港区高輪二丁目3,NA,B-gdv58TDw,KR
r0LfloqaTSw0,2016-06-05T12:29:40Z,東京都港区高輪二丁目3,NA,B-gdv58TDw,KR
MUAuy1pztEGm,2016-06-05T14:16:38Z,東京都台東区西浅草一丁目4,Kappabashi Kitchen Town,A-WO8pjHi5,PH
WoPyreGEsKyp,2016-06-05T14:23:20Z,東京都文京区本駒込五丁目20,NA,C-nx43vfPt,ID
dRaZy5z2vMux,2016-06-05T16:02:52Z,東京都渋谷区代官山町7,NA,B-I2u7Cwfv,KR
yw0eFDTcwRJj,2016-06-05T17:15:26Z,千葉県成田市木の根39,NRT - GATE B (Domestic),A-HWqnkcV7,US
5zympcBUSarl,2016-06-05T18:19:18Z,東京都新宿区新宿三丁目38,Shinjuku Station,A-PJPANS03,PH
H9oBCZYUYmz6,2016-06-05T23:09:21Z,東京都港区六本木三丁目14,Two Dogs Taproom,B-OYjCPR6r,US
ge9Bwqt90KTW,2016-06-06T06:21:25Z,京都府京都市 東山区大橋町88,NA,C-OAS8bhaj,US
tBVdyJ7nm7DT,2016-06-06T16:54:47Z,神奈川県鎌倉市台三丁目1,Kamakura…,B-sosGlSMg,US
vbvxscatIRoE,2016-06-06T16:57:49Z,山梨県北杜市,Suntory Hakushu Distillery,B-wgaY5bPJ,US
Ly2Q1HRppz3D,2016-06-06T17:13:39Z,石川県金沢市長町三丁目8,"Kanazawa, Ishikawa",C-fnC8pC3X,TH
I6HIV9HOJKKY,2016-06-06T18:20:48Z,北海道札幌市 中央区北一条東四丁目1,ユナイテッド・シネマ札幌,B-djEv8gHA,MY
s3xjzwlZ18aQ,2016-06-06T18:53:55Z,京都府京都市 中京区鍛冶屋町204,Nishiki Market,B-LnBK7DhE,FR
AICCKxQGbGKV,2016-06-06T19:16:15Z,東京都港区芝公園四丁目2,東京タワー　Tokyo Tower,A-0G36mkoc,PH
MwYesBT3kZgS,2016-06-06T20:57:18Z,大阪府大阪市 北区中之島一丁目3,まいどおおきに食堂 OSAKA市役所食堂,A-Jhpp8m3Q,US
KkLO45Gmn6nE,2016-06-06T21:01:40Z,千葉県成田市大山632,Narita Gateway Hotel,A-jPiYdopz,US
AUh8ASYi2oqS,2016-06-06T23:31:54Z,福岡県福岡市 博多区,NA,A-DDyaTbCq,KR
9nCyWkbdlaCo,2016-06-07T08:08:37Z,千葉県浦安市舞浜1,NA,C-yyUdm5nk,KR
dCAzx45oYNHR,2016-06-07T13:50:29Z,香川県小豆郡 土庄町,豊島横尾館,B-pkwsOZu3,KR
xyAG2az6vJpi,2016-06-07T14:05:25Z,東京都台東区浅草一丁目30,浅草寺 雷门 (Kaminarimon Gate),A-M1RpfTIf,CN
oQnfuz9LYJKY,2016-06-07T14:21:57Z,大阪府大阪市 中央区難波千日前12,NA,C-qbeiEeDB,ID
rdZBR4LGibZX,2016-06-07T17:00:11Z,愛知県常滑市セントレア四丁目7,中部国際空港　セントレア,A-LpgyBNBO,PH
AvydtkcG7B1C,2016-06-07T17:44:15Z,東京都港区台場二丁目3,Odaiba,B-7hf8gQOy,PH
AZ7rGD9htezt,2016-06-07T18:51:01Z,東京都中央区日本橋室町二丁目1,Mandarin…,C-QJcojsK3,US
xs8SAUb0yMdc,2016-06-07T20:56:40Z,北海道札幌市 中央区南三条西八丁目7,NA,A-bLj2SrOV,KR
C5KJZ35oiLN6,2016-06-07T22:17:45Z,千葉県浦安市舞浜1,NA,B-D4pLXsGK,ID
IDuE1LPIdtWT,2016-06-08T00:37:07Z,千葉県松戸市上本郷2917,NA,B-gdv58TDw,KR
grGZoDdcFtBr,2016-06-08T09:23:09Z,東京都港区西麻布二丁目2,NA,C-alRDcMFV,TH
PXY3gyzQSoAY,2016-06-08T14:16:49Z,長野県長野市大字長野元善町491,Zenkō-ji,B-Xa0umxyA,TH
zhfxbUe4cyOP,2016-06-08T14:33:58Z,千葉県成田市古込1,成田国際空港 (Narita International Airport) (NRT),C-6LDXnxMG,US
6kuiXdAtWUid,2016-06-08T14:51:55Z,沖縄県那覇市泉崎一丁目8,NA,C-n2F9qYxF,US
VSc3A1MhmIIe,2016-06-08T15:23:13Z,岡山県浅口市鴨方町小坂西4816,NA,A-PWLPBsLd,GB
fso1kIsN3FUs,2016-06-08T16:46:40Z,千葉県松戸市上本郷2928,NA,B-gdv58TDw,KR
0cr4lEzr9TjL,2016-06-08T16:53:36Z,東京都台東区浅草二丁目3,Asakusa Sensoji Temple,C-rjvHoHxV,SG
d3y6zPU3imyH,2016-06-08T17:31:07Z,千葉県松戸市上本郷2928,NA,B-gdv58TDw,KR
Kq62hiOFUe2E,2016-06-08T17:59:00Z,山梨県南都留郡 富士河口湖町西湖2710,Saiko Iyashino-Sato Nenba,A-plCWkVeI,TH
XAAMU2Khkdzy,2016-06-08T21:09:53Z,京都府京都市 伏見区深草藪之内町1,NA,B-O83etnd3,US
PFIL32Ie1Jpv,2016-06-08T23:53:11Z,東京都杉並区高井戸西二丁目16,"Hakeno, Mount Fuji",B-SAUb0yMd,MY
8SZKn6QDx1Sw,2016-06-09T00:23:24Z,栃木県足利市迫間町518,NA,C-4SwtdS2V,ID
sUM01iZfRR3Q,2016-06-09T00:47:39Z,千葉県浦安市舞浜1,NA,A-3adcKfHe,TH
2rT3YtrtPJV3,2016-06-09T09:38:36Z,東京都墨田区業平一丁目22,NA,B-fxzaw82q,ID
nLoAilr0QiGU,2016-06-09T12:13:33Z,香川県東かがわ市湊1847,"Higashikagawa-shi, Kagawa, Japan",B-OBAyWRZy,TH
HrM4SwtdS2VH,2016-06-09T14:34:25Z,東京都墨田区業平一丁目22,NA,C-IhQ8qen0,TH
6UzFgGjS3N07,2016-06-09T14:49:20Z,奈良県天理市川原城町360,奈良県天理市,C-iyl3uJkN,HK
zrUuP6lvjzPg,2016-06-09T17:29:29Z,大阪府大阪市 此花区桜島二丁目1,"Harry Potter and the Forbidden Journey, Universal Studios Osaka, Japan",C-GMhrivcx,AU
iaGNr1cbndt6,2016-06-09T17:44:03Z,京都府京都市 伏見区深草稲荷御前町82,NA,A-koKnwlnH,ID
cSDwOMSbpeMb,2016-06-09T20:35:52Z,神奈川県横浜市 西区みなとみらい二丁目3,ロズレ　Roselait,B-AdFaNBZS,ID
MpHO7gUvzqs9,2016-06-09T22:20:03Z,大阪府大阪市 中央区心斎橋筋二丁目3,NA,B-cFtBrb0C,ID
KAXPwiGt83cb,2016-06-09T23:38:31Z,山口県山口市矢原744,Mahōtokoro,C-EWrFgfFO,US
hXQ3wWYn9i3X,2016-06-09T23:43:34Z,千葉県松戸市上本郷2928,NA,B-gdv58TDw,KR
m00AUvTtkQ1y,2016-06-10T21:58:05Z,大阪府大阪市 中央区平野町二丁目3,HONANA 天満橋,B-VyxmPoZx,TH
Uq9v2dHJ2u4M,2016-06-10T22:04:39Z,千葉県松戸市上本郷2917,NA,B-gdv58TDw,KR
wc5pVxfXbUcG,2016-06-10T23:55:35Z,東京都渋谷区宇田川町27,NA,A-stgw8lQH,HK
Xa6binWAPpbn,2016-06-11T00:00:21Z,栃木県宇都宮市河原町1,NA,B-hl23KyZ2,TH
YBvjrJSVfD0M,2016-06-11T08:03:12Z,千葉県浦安市舞浜1,NA,C-yyUdm5nk,KR
OKQNhUTgUMCL,2016-06-11T10:14:21Z,大阪府岸和田市宮本町2,Kishiwada Station,B-jU4Grvg9,TH
8DRsxZ7nC9bu,2016-06-11T12:28:04Z,東京都港区赤坂二丁目7,とんかつ 赤坂 水野,C-EyE7nE9f,CN
LB0K88C9zhcH,2016-06-11T13:25:12Z,京都府宇治市宇治乙方7,京阪 宇治駅 (Uji Sta.) (KH77),A-XpmDpAW0,KR
7jS8Cc3OjnE1,2016-06-11T17:53:22Z,東京都港区台場二丁目4,お台場 / Odaiba,A-v4LGCqeY,TH
ag36ANtn2Ay3,2016-06-11T19:24:45Z,東京都千代田区麹町五丁目2,Tsukiji Fish Market - 築地魚市場,B-y6LXJcHW,GB
AKSPOf2tPxDA,2016-06-11T22:24:41Z,東京都新宿区新宿三丁目38,Shinjuku,B-rQJIEROj,PH
LVRbfbOVR54O,2016-06-12T02:10:03Z,愛知県豊橋市石巻町字中瀬古45,NA,A-TgUfTqzR,ID
AphkcytfW2AM,2016-06-12T09:02:26Z,大阪府泉南郡 田尻町泉州空港中1,NA,C-JAbezxjI,AU
WfIpLhJVSU4Y,2016-06-12T10:21:52Z,千葉県成田市木の根3,NA,C-vP4SdHmv,NA
dSdWk5Exdagm,2016-06-12T10:51:26Z,東京都中央区築地五丁目5,NA,C-8pUIK8jn,ID
cNZJVYakJDWu,2016-06-12T11:04:02Z,東京都港区南青山三丁目17,Pizza Slice 2,A-Tz38wKFN,US
GrHK9NrfTBMW,2016-06-12T11:12:41Z,東京都千代田区丸の内一丁目9,Rokurinsha Ramen,B-z7Osc7BR,US
b0C1MbeVyolQ,2016-06-12T11:17:03Z,東京都港区台場二丁目4,お台場 / Odaiba,B-zXyrVrXP,TH
VVT0LkDhtpjh,2016-06-12T11:19:32Z,沖縄県那覇市おもろまち三丁目3,Shujiro Castle,C-O8NoFiCd,CN
nwMjqZBgVmPj,2016-06-12T12:07:25Z,東京都港区虎ノ門四丁目3,城山ガーデン,A-uSlyiTbL,US
F7P1GyNQjIuI,2016-06-12T12:21:06Z,大阪府大阪市 北区本庄東一丁目15,NA,B-9W0lf0mJ,KR
DQ0S9OaVH6Lk,2016-06-12T12:45:39Z,広島県広島市 中区胡町1,NA,B-RonWJjkp,US
237A2sqUid44,2016-06-12T13:21:57Z,愛知県岩倉市下本町下寺廻2,NA,C-GdJIyHPO,KR
6FbmOngcjQc4,2016-06-12T13:37:57Z,北海道函館市若松町12,はこだて塩らーめん しなの,A-Wg9Nf0gU,TH
7N9eSAJvh4IT,2016-06-12T14:50:20Z,東京都中央区銀座三丁目6,"銀座 - Ginza ,Tokyo",C-wRRzKI8L,US
6EzBPAQaZiAc,2016-06-12T15:17:37Z,東京都台東区浅草二丁目3,Asakusa Sensoji Temple,A-WJlUwQJU,TW
N9YWKLLnDPeb,2016-06-12T20:59:22Z,大阪府大阪市 中央区大阪城1,Osaka Castle 大阪城,B-TNMh2fhi,PH
EKjro7TjKL1a,2016-06-12T21:32:05Z,千葉県松戸市上本郷2928,NA,B-gdv58TDw,KR
olOCNoTAedww,2016-06-12T22:26:45Z,東京都江戸川区西葛西六丁目22,NA,C-Bd0DCcdp,TH
Ah5fbj00M8xG,2016-06-13T01:39:57Z,東京都墨田区横網一丁目3,"Grand Sumo Ryogoku Kokugikan,…",C-PWfIpLhJ,GB
zaPVHpY3IghP,2016-06-13T01:56:26Z,大阪府泉佐野市新町二丁目4,Kansai International Airport,A-fuLZTyJh,PH
aTJteWXrKN4J,2016-06-13T03:04:35Z,東京都新宿区新宿三丁目3,"Shinjuku-ku,…",B-FHGlelf8,NA
EhfoeHg6kBjm,2016-06-13T07:00:36Z,群馬県前橋市大渡町一丁目2,NA,C-cSzCZWph,NA
1PrFHkB48tgD,2016-06-13T07:10:18Z,福岡県福岡市 博多区,JR Hakata Station,B-Gu4uG2SY,TH
tsMh15gVW8PU,2016-06-13T07:48:06Z,大阪府大阪市 中央区心斎橋筋二丁目3,心斎桥筋（Shinsaibashi-suji）,B-Ah8GxZyI,CN
GKLiJG0Mmqqp,2016-06-13T08:31:51Z,千葉県成田市古込1,Narita International Airport,B-zhXGQDck,GB
zBWAmyUa3Bwg,2016-06-13T08:54:43Z,千葉県船橋市西船四丁目28,NA,C-LKDiExzC,ID
WBQJSkeKDPbT,2016-06-13T11:09:46Z,東京都千代田区皇居外苑2,Imperial Palace,B-VoJFoKTr,US
ZPRpI0kjoj60,2016-06-13T14:09:35Z,京都府京都市 東山区清水一丁目262,京都府 世界遺産 清水寺,A-p2ahip1G,TW
ACH3ctwmZBdq,2016-06-13T14:34:09Z,北海道札幌市 中央区北五条西七丁目2,小樽运河,A-Lsm862SC,CN
rZ2zOsjf99tF,2016-06-13T14:55:04Z,千葉県成田市古込1,Narita International Airport,B-XW0kxoz3,US
lMIIsUX8gNWy,2016-06-13T15:31:03Z,山梨県南都留郡 富士河口湖町船津981,NA,B-iVkCYDSt,ID
DSipAHqTMSI8,2016-06-13T16:01:15Z,福岡県福岡市 中央区,LINE FRIENDS CAFE &amp; STORE 福岡,B-tz7re6kB,HK
FyWYW0nW8Udp,2016-06-13T16:09:36Z,京都府京都市 伏見区深草藪之内町1,Fushimi Inari-taisha,C-xnq5QDib,US
bfDwYV9OaPwg,2016-06-13T16:24:10Z,石川県金沢市兼六町1,兼六園 (Kenroku-en Garden),A-YF9SOw5F,TH
KxyMyaaD2GnB,2016-06-13T16:40:11Z,静岡県御殿場市深沢1780,足柄サービスエリア(上り線),B-HbqoyX60,TH
qHPf8wVEhnfo,2016-06-13T21:05:57Z,福岡県福岡市 博多区,NA,A-9eNvFTY3,TH
eX5ZjOG4hesw,2016-06-13T22:11:09Z,東京都台東区上野七丁目12,Ueno Hotel,B-bVUlRmVf,CN
IRxfzcCcLm45,2016-06-13T22:49:47Z,大阪府大阪市 浪速区恵美須西三丁目3,Shin-Imamiya Station,C-mSfGmOLe,CN
Las2cFlnyWbp,2016-06-13T23:22:24Z,京都府京都市 東山区祇園町北側282,NA,C-VQwBftA9,GB
GjRpQeshe2p2,2016-06-14T06:16:13Z,東京都港区芝公園四丁目2,東京タワー　Tokyo Tower,C-Q6E64YF4,US
vLZaqqyRzhDI,2016-06-14T07:53:14Z,東京都渋谷区神宮前五丁目1,NA,C-yyUdm5nk,KR
Xi8yAKMUcOkO,2016-06-14T09:52:56Z,東京都渋谷区猿楽町18,NA,C-yyUdm5nk,KR
h7ipOFQ3YvNw,2016-06-14T14:44:06Z,大阪府大阪市 北区本庄東一丁目15,NA,B-9W0lf0mJ,KR
ZQTp2rAH4zo7,2016-06-14T15:31:37Z,千葉県浦安市舞浜1,Tokyo Disney Sea 東京迪士尼海洋世界,B-tmc3Lxoj,ID
SxhgmFyJR8lH,2016-06-14T15:43:40Z,東京都中央区銀座四丁目6,Tokyo Ginza,C-S2tWD50K,AU
UvhhOcP2t9Q4,2016-06-14T16:22:40Z,東京都墨田区押上一丁目1,Tokyo Skytree Tower,C-BCZYUYmz,US
Xs7WQSYR0o2c,2016-06-14T17:28:45Z,東京都港区高輪四丁目11,LUXE DINING HAPUNA,C-4OiuztLU,TH
NH351GCeWc6U,2016-06-14T19:36:01Z,愛知県名古屋市 昭和区山手通二丁目168,NA,A-VlMIIsUX,TH
qPemP1Hn1Wmk,2016-06-14T20:00:19Z,大阪府泉佐野市新町二丁目4,NA,B-Tf73enyV,US
A4RgTITSFmrn,2016-06-14T21:32:34Z,京都府京都市 中京区山崎町59,Octavekyoto,A-FzdIfIny,CN
dfSGfKN8Y0bK,2016-06-14T21:33:23Z,北海道札幌市 西区宮の沢二条二丁目12,白い恋人パーク / Ishiya Chocolate…,A-AddsqY4b,CN
uZJLCv5a3auH,2016-06-15T00:52:52Z,東京都台東区小島二丁目8,Crystal Chrome💇,A-Jhpp8m3Q,US
uG1txEG4iukW,2016-06-15T10:06:17Z,神奈川県綾瀬市落合北七丁目14,新幹線車中,A-KCqb6mkR,PH
ksr8rEYoUP0z,2016-06-15T10:53:36Z,大阪府大阪市 中央区道頓堀一丁目10,神戶三宮,C-242H0nt6,TW
Xut8UpPWFiLI,2016-06-15T11:00:02Z,岡山県倉敷市寿町12,NA,C-ChzwcbkJ,TH
DApadHm2ph4F,2016-06-15T12:02:42Z,大阪府大阪市 淀川区宮原一丁目1,JR新大阪駅(新幹線)@大阪府・大阪市,B-sL4b43tq,KR
SvDCMRZNJiFE,2016-06-15T12:49:02Z,東京都渋谷区千駄ヶ谷五丁目34,NEWoMan,B-LKq62hiO,US
XhaBZfc54ypH,2016-06-15T13:00:04Z,千葉県松戸市上本郷2928,NA,B-gdv58TDw,KR
tpPVdcGtxiTc,2016-06-15T13:00:51Z,東京都渋谷区神南二丁目1,AiiA Theater TOKYO for 乃木坂46,C-swg6ptR7,KR
jorakwVY52Lr,2016-06-15T13:04:52Z,静岡県焼津市利右衛門576,NA,A-p2NSdcSH,TH
jRDi6YYAYPUN,2016-06-15T14:00:18Z,大阪府大阪市 中央区大阪城1,Osaka Castle 大阪城,B-3DfI5T6I,TW
f6UWGUFEKWq7,2016-06-15T16:56:48Z,大阪府大阪市 中央区大阪城1,Osaka Castle 大阪城,A-1MbeVyol,TH
gvksu4RJydo8,2016-06-15T19:32:42Z,東京都台東区浅草一丁目32,"Asakusa, Tokyo（浅草）",B-XPQiJ1qg,US
LeD4VjvXnSdk,2016-06-15T19:47:36Z,東京都新宿区西新宿七丁目1,お台场 ビーナスフォート Venus Fort,A-M1RpfTIf,CN
mriB2pzQTkVh,2016-06-15T20:13:42Z,東京都渋谷区宇田川町1,"Shibuya, Tokyo",A-K9NrfTBM,TH
OJxZyJAriUvK,2016-06-15T22:12:06Z,東京都千代田区皇居外苑1,桜田门 / Sakurada-mon Gate,C-vcEXCOa6,CN
f049OOe1wSmP,2016-06-15T23:43:10Z,神奈川県川崎市 幸区小向西町一丁目2,NA,B-3rIzdYs2,TH
7l4dW88iKT6F,2016-06-16T00:16:37Z,大阪府大阪市 北区大淀中一丁目1,梅田スカイビル空中庭園,C-XMbGP5Bj,KR
mRIo12eCprgj,2016-06-16T03:39:54Z,東京都渋谷区宇田川町22,NA,C-3D4Wdd5i,ID
O16A2hwawOgw,2016-06-16T08:48:43Z,千葉県成田市古込1,ท่าอากาศยานนานาชาตินะริตะ,C-eWRSGoBc,TH
f8OGnugFF8bK,2016-06-16T09:52:38Z,東京都大田区羽田空港二丁目5,NA,A-uwSBetFT,ID
0jqPYfNJmpSG,2016-06-16T10:14:16Z,東京都江東区東陽二丁目3,"Koto-ku, Tokyo, Japan",C-bvfdU50K,ES
lBSDk6SYnaCY,2016-06-16T12:52:36Z,山梨県富士吉田市新西原五丁目6,Fujikyu Highland…,A-LQdDWqC6,TH
cr3nq3ymSfGm,2016-06-16T16:16:22Z,東京都渋谷区道玄坂一丁目1,Shibuya Station,B-YQhkYWIW,US
MgmzemN6L4PH,2016-06-16T19:46:39Z,東京都新宿区大久保一丁目1,Higashi-Shinjuku Station,B-TNMh2fhi,PH
gTv9RdS9ZWCY,2016-06-16T20:37:38Z,香川県高松市御坊町9,骨付き鸟とら丸,B-9WpfxgWY,CN
LlA31bNOrfnz,2016-06-16T21:09:46Z,広島県広島市 中区中島町1,NA,A-snudcJZ7,NA
gw7RgbDKQPTz,2016-06-16T21:38:33Z,群馬県前橋市石倉町五丁目22,NA,C-cSzCZWph,ID
QyfSkgUA8P9t,2016-06-16T23:25:39Z,東京都新宿区西早稲田二丁目2,早稲田大学南門,C-cRQgP8PO,HK
XI8mXIEqFuKy,2016-06-17T05:41:44Z,東京都台東区北上野二丁目8,NA,B-DoRCh5zy,ID
1aMrt4YaFuNR,2016-06-17T08:52:41Z,千葉県成田市古込1,Narita International Airport,A-UcFcfscf,SG
LBXgR8r7hf8g,2016-06-17T11:21:08Z,東京都中央区築地四丁目16,Tsukiji Outer Market,B-bYbQmEWr,TH
R9NPuckQ6q6P,2016-06-17T14:06:38Z,京都府京都市 中京区中島町96,"Moritaya, Sukiyaki Restaurant",A-Z1ybpnS3,PH
trDP8fiBwwpB,2016-06-17T14:43:25Z,千葉県成田市古込1,成田国際空港 (Narita International Airport) (NRT),B-KivyCfa6,TH
M6I3shKBqFCH,2016-06-17T17:10:16Z,茨城県つくば市谷田部204,NA,C-BlNZ6Sjc,CN
CeNdBu145MsR,2016-06-17T18:14:23Z,福岡県福岡市 中央区,西鉄ホール,B-YORimkWS,KR
bO7xZ64Np7uN,2016-06-17T18:14:56Z,東京都台東区上野四丁目10,NA,A-UzhQVXax,US
1ZvuqiOFtGAQ,2016-06-17T21:06:20Z,神奈川県足柄下郡 箱根町箱根63,NA,A-xMoFPtac,FR
ZPGvkQBYBCo8,2016-06-17T21:53:27Z,京都府京都市 中京区梅之木町143,NA,B-eSAJvh4I,PH
t33odXLmfkzf,2016-06-17T22:40:20Z,長崎県佐世保市常盤町9,Cindy's Getaway,C-IDaw0ezs,NA
pNgaQTSfoFf0,2016-06-17T23:31:43Z,東京都港区赤坂三丁目13,NA,B-xc3YpqPe,AU
tLUwPNcF05CU,2016-06-17T23:43:05Z,神奈川県足柄下郡 箱根町,NA,A-n6NB6kmn,US
gDaj1knLQdDW,2016-06-18T07:35:16Z,東京都渋谷区恵比寿西二丁目17,NA,A-0BKhYkbN,US
mGqBwYlAioHd,2016-06-18T09:50:07Z,神奈川県横浜市 西区南幸二丁目1,NA,C-24eTQFry,HK
WphtIjGEUXri,2016-06-18T11:33:37Z,神奈川県足柄下郡 箱根町湯本706,Hakone-Yumoto Station,C-81bpKhIw,CN
Auupa887bvWt,2016-06-18T12:18:56Z,東京都台東区上野四丁目10,上野恩賜公園 Ueno Park,B-zO18Nrz7,TH
sOimra9Bm6A9,2016-06-18T12:59:03Z,千葉県松戸市上本郷2928,NA,B-gdv58TDw,KR
PzJ2KNepYiBW,2016-06-18T13:04:12Z,千葉県成田市取香113,NA,C-YrUsz7Tb,PH
ZB99WpfxgWYE,2016-06-18T14:47:49Z,岐阜県多治見市月見町二丁目39,NA,C-GdJIyHPO,KR
4pLXsGKyg5xY,2016-06-18T15:50:24Z,東京都渋谷区宇田川町1,NA,B-SDLrJF9j,PH
lNZ6Sjc6oNW5,2016-06-18T18:05:40Z,東京都港区六本木七丁目18,NA,A-1dtiP8Yq,GB
pGh5hOqJr8E5,2016-06-18T18:56:49Z,大阪府大阪市 淀川区宮原一丁目1,JR新大阪駅(新幹線)@大阪府・大阪市,C-VEplYgix,TH
A6QDWDdicnoV,2016-06-18T18:59:02Z,愛知県常滑市セントレア一丁目2,NA,C-GdJIyHPO,KR
AKK4u5lOiUeV,2016-06-18T21:06:53Z,東京都渋谷区神宮前六丁目30,NA,B-lafP4UuC,ID
KDiExzCSm6aD,2016-06-18T22:39:08Z,京都府京都市 下京区十文字町668,"Kyoto, Japan",B-ve2s2a1S,TW
8XlfiLJW6TSy,2016-06-18T23:16:43Z,京都府京都市 東山区祇園町北側282,Fushimi inari shrine　伏見稲荷,B-C3pW4n3W,NA
eki0HadQ9ibN,2016-06-19T01:21:16Z,神奈川県相模原市 中央区横山二丁目3,"Sagamihara-shi, Kanagawa, Japan",A-c1nc9mbz,ID
SCzAqlnlvria,2016-06-19T02:14:04Z,千葉県松戸市上本郷2928,NA,B-gdv58TDw,KR
Fr190qKGswxl,2016-06-19T06:35:30Z,東京都豊島区東池袋一丁目36,NA,B-6JkNNrBh,KR
zUW7mfz49cgE,2016-06-19T09:40:05Z,東京都文京区本郷一丁目33,NA,C-ZRejBmES,ID
Q9trvUGyB5ld,2016-06-19T11:17:34Z,神奈川県横浜市 保土ヶ谷区仏向町611,"Yokohama, Japan",B-nxdwiQ98,SG
BqvI8rgztrXH,2016-06-19T13:49:17Z,大阪府大阪市 中央区大阪城3,Osaka Castle Park,B-jovqbO8f,MY
3PFKivyCfa6f,2016-06-19T13:56:00Z,京都府京都市 右京区嵯峨亀ノ尾町6,Arashiyama,C-jPdWRUny,SG
IM4AKXUTcDgu,2016-06-19T14:48:09Z,京都府京都市 東山区祇園町北側271,京都祇園  鍵善良房,C-HMc4JCsK,TW
oIP42THqupYI,2016-06-19T17:00:58Z,北海道函館市若松町12,Hakodate Station,A-bAtlCpm9,PH
YjCPR6ra32r9,2016-06-19T17:38:45Z,東京都中央区銀座三丁目6,"銀座 - Ginza ,Tokyo",B-7hf8gQOy,PH
2ZcArteZEoXv,2016-06-19T19:02:21Z,長崎県大村市,長崎空港　Nagasaki Airport,B-im9U7Z3n,US
iNRCWxKvv6Qn,2016-06-19T22:32:10Z,東京都渋谷区神南一丁目16,NA,A-TDEW82Dl,TH
dB021Q7MefMI,2016-06-19T22:51:41Z,大阪府大阪市 中央区道頓堀一丁目8,NA,B-979uAgDL,FR
JvPd2gcK54yW,2016-06-19T22:57:55Z,東京都渋谷区宇田川町1,"Shibuya, Tokyo",A-tpmybEuN,ID
nlHzGYxTFuTq,2016-06-20T01:09:41Z,東京都千代田区皇居外苑3,皇居 Tokyo…,C-TtjXp5fh,TH
eyVmpTkR8vFM,2016-06-20T02:35:23Z,大阪府大阪市 中央区心斎橋筋二丁目3,心斎橋筋（Shinsaibashi-suji）,B-BsdwGfe1,KR
Pl1XW0kxoz37,2016-06-20T07:56:21Z,東京都台東区上野七丁目1,上野駅 (Ueno Sta.),A-Wg9Nf0gU,TH
L8quDhTLCDFF,2016-06-20T09:27:06Z,東京都新宿区西新宿一丁目14,NA,C-81bpKhIw,CN
jpsr15mrSC23,2016-06-20T09:31:32Z,東京都渋谷区宇田川町18,NA,C-2BxIoznY,CN
X60gwQ37XU3n,2016-06-20T10:29:12Z,東京都港区赤坂三丁目12,"Akasaka, Tokyo, Japan",A-yYe3E00z,US
3HF3lvJCv3z2,2016-06-20T11:58:25Z,広島県尾道市東御所町7,お好み焼きトマト,B-N4VTZ8Wt,TW
DckFoFsj9hQD,2016-06-20T12:34:12Z,東京都新宿区西新宿一丁目1,JR Shinjuku Station,A-BzmjB9PB,TW
w4C3EqwJSc3w,2016-06-20T15:47:09Z,千葉県千葉市 中央区新千葉一丁目1,JR Chiba Station,B-Tbylzboi,GB
aNN6eXeZ7hTq,2016-06-20T17:11:22Z,千葉県浦安市舞浜1,NA,B-VVVFocTT,US
GECamcFHjNrg,2016-06-20T17:53:52Z,大阪府泉佐野市松風台二丁目14,NA,B-RZU6NJD1,KR
3hJOjIoDB13U,2016-06-20T19:47:10Z,神奈川県川崎市 幸区幸町一丁目789,NA,B-3rIzdYs2,TH
awCkXEnPgnc9,2016-06-20T21:36:59Z,京都府京都市 東山区清水一丁目283,清水寺地主神社️,C-n9nCyWkb,CN
EJeiJ4LL1THO,2016-06-20T21:41:00Z,京都府京都市 東山区清水一丁目283,NA,B-zPGSI6bZ,ES
wvosE0rjjv4N,2016-06-20T23:31:27Z,静岡県御殿場市東田中28,藍屋,C-vcEXCOa6,NA
Ws7NfTralRDc,2016-06-21T00:14:37Z,東京都渋谷区道玄坂一丁目13,Tokyo Fashion Snap,B-yAKMUcOk,US
ZyIPJPANS03R,2016-06-21T00:21:08Z,千葉県松戸市上本郷2928,NA,B-gdv58TDw,KR
MwcNNvh4Oiuz,2016-06-21T08:17:31Z,福岡県福岡市 中央区,"Fukuoka-shi, Fukuoka, Japan",C-jmxDKPds,TW
apPfB4higmBj,2016-06-21T08:48:10Z,東京都新宿区歌舞伎町一丁目29,APA HOTEL 新宿 歌舞伎町タワー,B-aL6sqt3z,KR
NxJamUUmdsVU,2016-06-21T12:42:15Z,東京都港区赤坂一丁目12,Tokyo - Japan 東京,C-RpldzvVr,US
Wc41dtiP8Yq0,2016-06-21T13:45:05Z,東京都千代田区神田花岡町1,Yodobashi-Akiba,A-GyFyDWpG,MY
Q2YU3YAhOIw8,2016-06-21T13:53:28Z,東京都台東区浅草二丁目34,Amuse Museum,A-UnIzPWBQ,AU
NMh2fhiZ1ybp,2016-06-21T13:54:42Z,山口県山口市阿知須500,NA,C-EWrFgfFO,US
IAhTWAT6aLqO,2016-06-21T14:13:47Z,大阪府大阪市 中央区道頓堀一丁目4,Ichiran,A-iHPPMQcJ,SG
2tWD50K8ILRi,2016-06-21T21:20:14Z,大阪府大阪市 中央区道頓堀一丁目6,โดทมโบะริ,A-K3okt2ny,TH
Wn1gUbmFzdIf,2016-06-21T22:12:03Z,北海道紋別市本町七丁目3,Mombetsu Prince Hotel,B-yyw0eFDT,MY
E61OyRF7hkA5,2016-06-22T07:34:30Z,千葉県成田市花崎町814,NA,A-AHOZrRb5,AU
QFeQfCiyyuPu,2016-06-22T12:16:51Z,東京都新宿区新宿三丁目38,Shinjuku,B-vwVQuN7z,GB
KkpEU0aDtmoX,2016-06-22T12:45:43Z,東京都港区白金台一丁目1,NA,C-G9Zqvg3k,US
00jCyExRma1B,2016-06-22T13:34:41Z,千葉県浦安市舞浜1,NA,B-iVkCYDSt,ID
MNCuikUqUD4X,2016-06-22T14:27:11Z,愛知県名古屋市 中区丸の内三丁目17,第17KTビル,C-r3FRICPT,TW
31kijf3ACpHX,2016-06-22T16:26:33Z,東京都多摩市関戸一丁目11,Seiseki-sakuragaoka Station,B-rQJIEROj,PH
I1foL41HMc4J,2016-06-22T19:29:31Z,大阪府泉南市りんくう南浜3,樽井サザンビーチ,A-Tz38wKFN,US
UiDSLQMqAGJR,2016-06-22T21:00:03Z,東京都渋谷区宇田川町21,ナチュラルダイエットレストラン NODO,B-rQJIEROj,PH
tlsgF2N5sH6c,2016-06-22T21:28:24Z,東京都港区赤坂一丁目12,NA,C-4G8MhCa3,ID
Gk0Q08MQghnP,2016-06-22T21:32:41Z,東京都大田区羽田空港二丁目6,羽田空港 Tokyo…,C-nm7DTBqv,SG
4cbYn33HfuuW,2016-06-22T21:56:12Z,東京都品川区八潮五丁目10,八潮パークタウン,C-3njvd4vb,HK
x5R8HIaniL1n,2016-06-22T22:37:41Z,神奈川県相模原市 緑区,NA,B-lyn7CNvH,US
KT9aKYWvUHkw,2016-06-22T23:16:15Z,神奈川県横浜市 保土ヶ谷区仏向町611,NA,A-8lV7RjiC,TH
BKhYkbNh9h2M,2016-06-22T23:38:36Z,大阪府大阪市 中央区道頓堀一丁目10,NA,C-UwoEceDr,KR
08weI5T5bvvc,2016-06-23T14:32:45Z,東京都渋谷区宇田川町20,Disney Store,A-awYwWH9o,TH
LAlHvAx9Pglk,2016-06-23T16:38:01Z,東京都渋谷区神宮前四丁目12,NA,B-uYRO9XRC,FR
4MFGkXq9CpGS,2016-06-23T17:00:07Z,京都府京都市 右京区嵯峨天龍寺竜門町15,嵐電嵯峨駅,A-HrZ2zOsj,KR
UU841zliqZse,2016-06-23T17:44:53Z,京都府京都市 左京区銀閣寺町38,银阁寺（东山慈照寺）,C-n9nCyWkb,CN
DNa3flUJtbZB,2016-06-23T17:45:21Z,東京都渋谷区神宮前一丁目17,Harajuku Takeshita Street,B-wYFWvNxQ,SG
hYVQR9qUgucl,2016-06-23T18:15:01Z,長崎県長崎市大黒町1,NA,B-E16Yosdu,US
VnMNIr5vcItA,2016-06-23T18:15:02Z,東京都千代田区神田花岡町1,秋叶原駅,C-MObpGkmP,CN
nt624eTQFryJ,2016-06-23T19:08:42Z,大阪府大阪市 中央区北浜三丁目6,Keihan Yodoyabashi Station,A-czb5aPzm,KR
ypS3igeVWedy,2016-06-23T21:17:30Z,福岡県福岡市 南区,NA,A-9eNvFTY3,TH
RUZaeSSUx4nL,2016-06-23T22:47:40Z,千葉県浦安市舞浜1,東京ディズニーシー / Tokyo Disney Sea,B-D4pLXsGK,ID
83etnd30pChx,2016-06-24T01:13:44Z,静岡県富士宮市,Mount Fuji,B-JLdF3wvo,TH
qyRuM98BmEXs,2016-06-24T07:54:11Z,千葉県成田市古込1,NA,B-tLta7pCW,ID
t7ShH9qLhdRT,2016-06-24T13:26:36Z,香川県高松市常磐町一丁目3,瓦町FLAG,B-9WpfxgWY,CN
v4LM2XSvq0Cb,2016-06-24T14:32:26Z,京都府京都市 左京区下鴨半木町1,京都府立植物園,A-tMpqp1yO,KR
NYxEolWvXRXZ,2016-06-24T16:37:59Z,東京都渋谷区大山町1,NA,A-OYBvjrJS,TH
ScNlpUPx0fzg,2016-06-24T17:14:36Z,東京都渋谷区神宮前四丁目6,LATTEST-OMOTESANDO Espresso Bar-,A-OqOctKTl,ES
al4eO72cRQgP,2016-06-24T20:02:49Z,千葉県成田市取香113,NA,C-tIjGEUXr,KR
1VhxSODf1uvw,2016-06-24T21:42:21Z,東京都港区西麻布二丁目2,NA,C-alRDcMFV,NA
d0HU98Tuw1lh,2016-06-24T23:14:36Z,東京都千代田区神田花岡町1,NA,A-Vtbg9BGK,TH
D9BBcJK8UVBy,2016-06-25T00:31:58Z,大阪府大阪市 北区梅田三丁目1,Osaka Station,C-nEVqjldh,AU
ajt7ONoHZmN4,2016-06-25T05:49:37Z,東京都台東区花川戸二丁目6,"Asakusa Temple, Tokyo Japan",A-plCWkVeI,TH
XbA0Mr7VzPTy,2016-06-25T07:09:14Z,大阪府大阪市 北区堂島一丁目4,Kita Ku Kyoto,B-eSAJvh4I,PH
NTDrbjlawYwW,2016-06-25T07:16:01Z,岩手県盛岡市仙北三丁目10,NA,C-g0UoNgYD,ES
gG55HBrIgycT,2016-06-25T09:59:11Z,広島県尾道市長江一丁目2,千光寺山ロープウェイ 山麓駅,B-N4VTZ8Wt,TW
O5JuLkrN4VTZ,2016-06-25T10:56:29Z,大阪府泉佐野市泉州空港北1,JR Kansai-Airport Station,B-onKKzmTe,TH
WpoaIICI4Ybv,2016-06-25T11:06:28Z,福岡県福岡市 中央区,Zepp Fukuoka,C-s2lUBJ8x,HK
pze5hDqv3fh9,2016-06-25T11:46:11Z,東京都文京区弥生二丁目5,東京大学 工学部,A-1Po7EMHT,NA
bmfskqiwLPlY,2016-06-25T11:58:13Z,茨城県つくば市谷田部204,NA,C-BlNZ6Sjc,CN
fuIbi3pImZrd,2016-06-25T14:00:55Z,東京都渋谷区宇田川町21,渋谷 (Shibuya),A-WFiLItt2,TH
ITl0o5u1DSFV,2016-06-25T16:03:46Z,山梨県南都留郡 富士河口湖町大石282,NA,C-2BxIoznY,CN
alqzp92Om9Kn,2016-06-25T16:38:54Z,大阪府泉南郡 田尻町泉州空港中1,Kansai International…,A-KMwcNNvh,KR
xc22v0wUwIEo,2016-06-25T17:34:43Z,東京都新宿区西新宿三丁目7,NA,A-PYfNJmpS,MY
FHVHFLsWVwqi,2016-06-25T19:24:28Z,大阪府大阪市 淀川区西宮原一丁目4,NA,C-JVYakJDW,KR
tR7ubitjUfme,2016-06-25T20:39:14Z,千葉県浦安市舞浜1,NA,A-eAZiCgxo,TH
JmGXF6lvdtW3,2016-06-26T03:29:10Z,滋賀県栗東市下戸山1270,Japan,B-6H5j7NdO,US
VhsU6nGmmnlz,2016-06-26T08:29:44Z,大阪府大阪市 淀川区東三国一丁目15,东三国,B-Ah8GxZyI,CN
kG3Sjb2ezCBW,2016-06-26T09:49:55Z,神奈川県横浜市 中区山下町11,Yokohama Marine Tower,A-ot2KYdgP,CN
6GGXQrFQuK3I,2016-06-26T09:51:09Z,東京都新宿区歌舞伎町一丁目24,NA,C-OI1foL41,PH
U4Grvg9s1jHk,2016-06-26T11:48:20Z,東京都大田区羽田空港二丁目6,羽田空港 Tokyo International Airport (Haneda Airport),A-Q0Iu9E8i,KR
aRghiaq7957x,2016-06-26T13:34:42Z,兵庫県神戸市 中央区海岸通25,NA,B-TBMZZ9e1,ID
WxPGyFyDWpGU,2016-06-26T14:09:28Z,大阪府大阪市 中央区大阪城1,Osaka Castle 大阪城,C-TUIK3EM7,PH
qAycbQEP7P8a,2016-06-26T14:21:28Z,大阪府吹田市朝日町1,JR 吹田駅 (Suita Sta.),A-XpmDpAW0,KR
fe1y6LXJcHW9,2016-06-26T14:50:29Z,青森県八戸市大字田面木字上野平53,八戸聖ウルスラ学院高等学校,B-EpIa5lKC,TH
XqlVirifhGpH,2016-06-26T15:44:53Z,大阪府大阪市 此花区桜島二丁目1,NA,B-lWoPyreG,ID
ndi59MkADPel,2016-06-26T17:59:33Z,東京都渋谷区宇田川町1,"Shibuya, Tokyo",B-YzwteftU,ID
Tcop75Pui9WI,2016-06-26T18:22:36Z,静岡県伊東市富戸715,伊豆城ケ崎海岸,A-TGGrwxs8,HK
8Wx4wTP62Clp,2016-06-26T19:06:10Z,東京都渋谷区道玄坂一丁目1,Shibuya Station,C-eUIp36oV,US
nIHr4drF7aHe,2016-06-26T19:52:28Z,東京都渋谷区宇田川町1,"Shibuya, Tokyo",A-f57o5Soc,US
TDwEb0x0kTAW,2016-06-26T20:16:01Z,東京都渋谷区道玄坂二丁目2,Shibuya,B-rht6VZQe,MY
i5xivzblfuOz,2016-06-26T20:38:17Z,京都府京都市 下京区安土町614,NA,A-xMoFPtac,FR
j9gmPCm9mViT,2016-06-26T22:34:05Z,東京都渋谷区恵比寿南一丁目6,"Ebisu, Shibuya-Ku, Tokyo",A-lfuOzjk4,US
egd8f3wAZgLv,2016-06-27T01:42:23Z,山梨県南都留郡 鳴沢村,Mount Fuji Japan,B-zcgEeJvE,FR
LUurq2awFKPU,2016-06-27T11:40:14Z,山梨県富士吉田市上吉田2310,"Mt. Fuji, Japan",C-BncmiB9o,TH
vOmGMhrivcxb,2016-06-27T16:43:45Z,沖縄県那覇市牧志三丁目1,NA,C-gVSc3A1M,TW
q5tmoZPiHPPM,2016-06-27T20:54:51Z,千葉県浦安市舞浜1,東京ディズニーシー / Tokyo Disney Sea,A-rq2awFKP,HK
o89H64iQ9TdI,2016-06-27T21:13:27Z,東京都目黒区駒場一丁目28,一般社団法人　番來舎,A-OOvr8vkH,GB
f3zDmYYMNVwC,2016-06-27T23:39:26Z,東京都文京区本郷六丁目2,東京大学 | UTokyo,A-VfIcFQTl,GB
GwMjhDQeEvZ8,2016-06-28T01:10:06Z,東京都豊島区西池袋三丁目26,NA,B-CsZXwbPM,HK
9Zqvg3k6eLNb,2016-06-28T09:15:14Z,福岡県福岡市 博多区,JR Hakata Station,C-dDApadHm,TH
QC4LJzM2uN5W,2016-06-28T09:54:55Z,千葉県浦安市舞浜1,Tokyo DisneySea,C-42THqupY,TH
5vR9gngRq83a,2016-06-28T10:29:17Z,東京都中央区銀座五丁目7,NA,A-GDF5Sr0U,GB
gZu75xCM1A6t,2016-06-28T11:14:43Z,鹿児島県南九州市頴娃町別府2924,射盾兵主神社(釜蓋神社),C-JxMG6E2j,TH
yl3uJkNFD2zl,2016-06-28T11:42:29Z,東京都中央区東日本橋三丁目12,Apa Hotel Higashi-Nihonbashi-Ekimae,A-uqiOFtGA,TH
onWJjkpDDyaT,2016-06-28T13:43:43Z,京都府京都市 下京区十文字町668,NA,B-BR4LGibZ,KR
OYox42FGOa71,2016-06-28T15:30:01Z,神奈川県鎌倉市長谷四丁目2,NA,C-vXf2Pfso,US
UlRf26nX2x6X,2016-07-01T09:25:53Z,東京都新宿区大久保二丁目32,"Korea Town, Shinjuku",B-q7ahwi7v,SG
OWYOCRuC1Oce,2016-07-01T09:35:22Z,千葉県成田市松崎1607,Narita Yukawa Station,C-dDApadHm,TH
zOvirg294L9e,2016-07-01T10:14:57Z,東京都新宿区歌舞伎町一丁目4,"Kabukichō, Tokyo",B-MSxhgmFy,US
AmimnhWiFO9f,2016-07-01T14:32:19Z,神奈川県川崎市 幸区堀川町567,CBC,A-uY5bSWxP,TH
O8pjHi5uxv8K,2016-07-01T17:16:03Z,東京都墨田区押上二丁目3,NA,C-IhQ8qen0,TH
vIH9ROh4dksE,2016-07-01T20:53:53Z,愛知県名古屋市 中区栄四丁目18,Korean Yakiniku,C-DWDdicno,PH
w3DVnWNlOv1G,2016-07-02T03:49:58Z,京都府京都市 東山区祇園町南側565,Gion,B-amUUmdsV,CN
DfwzXPoNHg46,2016-07-02T06:11:27Z,東京都渋谷区道玄坂二丁目2,NA,B-9CpGSqAv,US
Z8tCSblkyqnf,2016-07-02T10:17:29Z,石川県金沢市片町二丁目28,"Katamachi, Kanazawa",B-DqQFWMj9,US
dwwL2gTnJtWH,2016-07-02T10:21:44Z,沖縄県名護市字為又1029,冲绳海洋博公园-美丽海水族馆,B-N29YHR5x,CN
ftm7kFuZbir7,2016-07-02T12:15:54Z,東京都品川区八潮五丁目10,八潮パークタウン,C-3njvd4vb,HK
TGt4SgPix7G2,2016-07-02T12:53:50Z,千葉県浦安市舞浜1,NA,B-v4GRpgHJ,TW
bvzP0KanzTzr,2016-07-02T14:42:38Z,大阪府大阪市 港区海岸通一丁目1,海遊館　OSAKA…,A-4QFeQfCi,TH
BJjqNfVNA0xy,2016-07-02T16:55:30Z,東京都渋谷区神宮前一丁目10,Harajuku 原宿 表參道,A-CoubNBU1,SG
wSBetFTjmxDK,2016-07-02T21:47:21Z,福岡県福岡市 博多区,住吉神社 Sumiyoshi Shrine,C-uRK9H3eg,PH
3cUmHgJIFzKT,2016-07-02T21:56:41Z,神奈川県横浜市 港北区篠原町2937,NA,B-HDSipAHq,KR
FOIovlYA5SHV,2016-07-03T03:29:51Z,東京都大田区羽田空港二丁目6,羽田空港国際線旅客ターミナル／Haneda Airport International Terminal,B-4vUyGNTb,TW
KQXPGW6OTGPo,2016-07-03T08:09:44Z,東京都新宿区歌舞伎町一丁目24,NA,C-GnugFF8b,US
QkHZ3rspITvl,2016-07-03T11:07:33Z,京都府京都市 下京区十文字町668,NA,A-Parit75h,FR
woEceDrZNAvV,2016-07-03T12:41:47Z,大阪府大阪市 北区本庄東一丁目15,NA,C-O3RINyaL,US
KNYyv3L4vUyG,2016-07-03T14:33:28Z,神奈川県足柄下郡 箱根町強羅1300,箱根强罗温泉　ゆとりろ庵,B-5ldFLCmG,CN
dxaard6syiY1,2016-07-03T15:27:17Z,大阪府大阪市 此花区桜島二丁目1,ユニバーサル・スタジオ・ジャパン / Universal Studios…,A-u1cXjTxD,PH
ENoAMyOdUTtS,2016-07-03T22:47:56Z,東京都港区北青山三丁目5,NA,C-DWNvo2Hj,PH
OLu4TswdjEv8,2016-07-04T12:18:57Z,東京都新宿区新宿三丁目38,NA,B-uMHz50dD,TH
eVUYruUAz54A,2016-07-04T15:30:04Z,東京都千代田区神田神保町二丁目2,神保町　傳,C-mfLy5pbu,US
cwZIykzUAwRw,2016-07-04T19:34:53Z,愛知県名古屋市 中村区名駅一丁目1,Nagoya Station,A-IkVs2F8a,TH
bRl94kP4Uq61,2016-07-04T20:23:38Z,福岡県福岡市 博多区,NA,C-uAamascs,ID
BDzVoJFoKTr3,2016-07-04T20:42:42Z,東京都港区芝公園四丁目7,NA,A-96XG2SeD,US
Q787eZVMHse5,2016-07-04T21:05:35Z,山梨県南都留郡 富士河口湖町船津3611,富士山 - Mt.fuji,C-DmzO13hI,PH
sKERJXkPB2yZ,2016-07-04T21:51:51Z,東京都新宿区新宿三丁目23,歌舞伎町一番街,B-5NTDrbjl,KR
W27Eqq42DE5u,2016-07-05T10:26:27Z,東京都渋谷区道玄坂二丁目1,Hachikō,A-t83cbawC,FR
NYrSmUIgif4p,2016-07-05T11:37:29Z,東京都江東区青海二丁目3,日本科学未来館,B-oZZzCIGx,US
QPpjwPzSDLrJ,2016-07-05T14:12:47Z,京都府京都市 伏見区深草稲荷中之町39,NA,A-7sgbwQ9B,SG
CwNo4U6eSP5b,2016-07-05T17:16:06Z,沖縄県中頭郡 北谷町字砂辺100,GORDIE’S,C-OqEz2iQo,KR
lKCBLqBoqb0H,2016-07-05T18:53:13Z,大阪府大阪市 北区大深町2,Suntory Whiskey Dining WWW.W,A-QTkVhPl1,PH
qAvsfVgFq6cb,2016-07-06T12:24:58Z,東京都渋谷区代官山町13,Camden's Blue Star Donuts,C-f99tFSUO,KR
WLPBsLd0baee,2016-07-06T13:27:27Z,大阪府大阪市 此花区桜島二丁目1,Harry Potter and the…,A-XR00jl3D,PH
OKMw2IWFvE8e,2016-07-06T14:14:37Z,東京都新宿区高田馬場四丁目5,Seibu Shinjuku Line Takadanobaba Station,C-A2sqUid4,TH
15wsK86xzqXc,2016-07-06T18:13:08Z,東京都渋谷区代々木四丁目11,NA,A-79ZdbfdZ,ID
qeYrtMkAdQMN,2016-07-07T07:46:38Z,千葉県松戸市上本郷2928,NA,B-gdv58TDw,KR
5HRrht6VZQe8,2016-07-07T08:40:58Z,神奈川県横浜市 保土ヶ谷区仏向町611,NA,B-ZNAvVd5p,NA
WrFgfFOuwX24,2016-07-07T09:34:09Z,北海道斜里郡 斜里町,オシンコシンの滝,C-HzgCR0s7,NA
qC6Y0jmDSX0i,2016-07-07T12:37:05Z,東京都中央区日本橋一丁目6,NA,B-h9h2M5HR,ES
zMb5XZnGFSbG,2016-07-07T18:15:27Z,千葉県成田市取香113,Narita International Airport - Tokyo…,C-94L9e291,KR
YY1AaapSy9cu,2016-07-07T21:39:37Z,大阪府大阪市 中央区島之内二丁目16,つるとんたん,C-XMbGP5Bj,KR
b6xUSNPxuj06,2016-07-07T22:34:50Z,東京都渋谷区宇田川町1,"Shibuya, Tokyo",C-P6SfZ5qB,NA
BKagUPpaArTu,2016-07-07T23:13:45Z,神奈川県川崎市 幸区小向西町一丁目1,NA,B-3rIzdYs2,TH
hbBuOi80c8xS,2016-07-08T08:43:16Z,東京都中央区築地五丁目2,Tsukiji fish market,C-n2F9qYxF,US
neV6HO4yxAfL,2016-07-08T10:50:28Z,東京都港区赤坂九丁目6,乃木坂 鳥幸,A-dlaCoWpa,US
n5NFRX6oN5M5,2016-07-08T14:01:14Z,北海道千歳市,New Chitose Airport,A-ZHtJX759,KR
019TPQ6eYtOY,2016-07-08T15:32:05Z,東京都港区赤坂一丁目12,NA,C-MhSf8QQ3,GB
vyAT8yb0A5uJ,2016-07-08T17:46:59Z,兵庫県神戸市 中央区元町通二丁目10,NA,A-J5hTyNqP,ID
LtkrnpWmaIQ2,2016-07-09T00:17:49Z,東京都品川区東大井五丁目3,NA,A-vu5vyjVG,NA
fW4rakjvsgTE,2016-07-09T08:39:55Z,沖縄県那覇市泉崎一丁目8,"Naha, Okinawa",B-EMhreMCT,CN
Lfl9AphEpIa5,2016-07-09T10:24:33Z,東京都江東区平野一丁目4,Blue Bottle Coffee 清澄白河ロースタリー&amp;カフェ,B-KmriB2pz,KR
pPyJnx7YdVI1,2016-07-09T13:01:28Z,東京都荒川区西日暮里四丁目1,Nishi-nippori Station,C-67O7hIFO,KR
BR2fY1VStNp7,2016-07-09T15:51:27Z,東京都江東区平野一丁目12,Arise Coffee Roasters,C-13MleXXs,KR
M8tJbMhYPLww,2016-07-09T17:59:02Z,福岡県福岡市 中央区,NA,C-uAamascs,ID
ZH5SZsnIH61O,2016-07-09T22:40:30Z,京都府京都市 下京区十文字町668,NA,B-rtMkAdQM,ID
AamascsfnC8p,2016-07-10T01:40:35Z,京都府京都市 右京区嵯峨亀ノ尾町6,NA,B-0E9A2Haz,TH
lHtJ4oj4jG3z,2016-07-10T08:44:19Z,東京都千代田区丸の内一丁目9,Tokyo Station,C-67O7hIFO,KR
rRkVkBRyeYrG,2016-07-10T10:06:48Z,東京都杉並区高円寺南四丁目49,NA,C-4SwtdS2V,ID
WG39fqYbhAfF,2016-07-10T14:53:37Z,神奈川県横須賀市東逸見町二丁目6,Hemi Station,B-jGdVH2tP,HK
3pW4n3WgrRVJ,2016-07-10T15:01:35Z,東京都武蔵野市吉祥寺北町三丁目6,NA,C-hH9qLhdR,KR
jdp8DC9Wvl6y,2016-07-10T15:12:53Z,東京都世田谷区北沢二丁目32,下北沢 Shimokitazawa,B-4vUyGNTb,TW
QFqYzwteftUw,2016-07-10T18:10:39Z,千葉県浦安市舞浜1,Tokyo Disney Sea 東京迪士尼海洋世界,B-KeR7dg0D,GB
DjgFzkbvYKKT,2016-07-10T23:01:55Z,神奈川県横浜市 中区新港二丁目11,NA,B-jzszqMlh,TH
6BSNbtkZNa8V,2016-07-11T09:36:48Z,京都府京都市 左京区,NA,C-hiaq7957,ES
5vRgYH5976wR,2016-07-11T14:26:32Z,神奈川県藤沢市片瀬海岸二丁目20,江ノ島海岸（Enoshima Beach）,B-4vUyGNTb,TW
Mj6OrmVJRGC4,2016-07-12T00:22:23Z,東京都新宿区片町9,日本橋蛎殻町すぎた,C-mfLy5pbu,US
O18Nrz7TGGrw,2016-07-12T04:27:09Z,東京都港区西新橋三丁目18,Andaz Tokyo Toranomon Hills  アンダーズ 東京,A-cwRJjuTc,US
IfSnpZTvm1S4,2016-07-12T08:37:04Z,大阪府泉南郡 田尻町泉州空港中1,NA,B-9OJml9bl,ID
MvaeHg2rwuRl,2016-07-12T10:09:13Z,京都府京都市 下京区東塩小路町843,NA,A-dXS2W5CM,SG
HwJj4cZFjGiO,2016-07-12T11:05:52Z,和歌山県和歌山市紀三井寺1148,和歌山紀三井寺西国二番札所,A-kk29FYaA,TH
YxF1UHM8T2t4,2016-07-12T16:58:09Z,鹿児島県薩摩川内市宮崎町1771,鹿児岛中央駅,A-W1eElkWu,CN
WRSGoBczpNoC,2016-07-12T21:55:59Z,千葉県松戸市上本郷2917,NA,B-gdv58TDw,KR
iyU7WKtwRIlt,2016-07-13T06:08:07Z,東京都渋谷区代々木神園町1,NA,A-0baeebfD,ES
2gJhRHVPob3u,2016-07-13T19:30:07Z,沖縄県那覇市泉崎一丁目8,"Naha, Okinawa",B-N29YHR5x,CN
EplYgixQB9A2,2016-07-13T20:19:07Z,東京都大田区羽田空港二丁目6,NA,C-joj60ZB9,US
IEy4HUGjf1LV,2016-07-14T13:18:36Z,東京都中央区銀座七丁目2,NA,A-WzdH4O3O,KR
C3XSYWoWAdWV,2016-07-15T09:13:59Z,東京都新宿区歌舞伎町一丁目1,NA,A-wZPRpI0k,US
ac2lafP4UuCK,2016-07-15T11:41:02Z,東京都港区高輪四丁目23,NA,A-aKYWvUHk,ID
2lUBJ8xouC7Z,2016-07-15T17:32:35Z,愛知県名古屋市 熱田区神宮一丁目1,熱田神宮 (Atsuta Shrine),B-U0ngZ3cU,GB
zdwxc0IzBWAV,2016-07-15T19:28:04Z,京都府京都市 上京区京都御苑3,Kyoto Imperial Palace,C-HDTmumLi,PH
N42WaWTeJ2Wq,2016-07-15T20:09:39Z,東京都台東区上野七丁目1,上野駅,B-U98Tuw1l,KR
wp8kIyCZPVYO,2016-07-15T20:37:30Z,東京都渋谷区代々木二丁目4,Shibuya Crossing,C-98Jjyw3g,PH
5EWucilyLGIX,2016-07-15T22:08:42Z,北海道函館市広野町5,すしまる,C-oCwIw3jp,ID
CEsXiMBA73jw,2016-07-16T03:34:14Z,東京都武蔵野市吉祥寺北町三丁目6,NA,C-hH9qLhdR,KR
5h1IGCGlGevS,2016-07-16T03:41:39Z,東京都港区台場二丁目4,NA,A-icwZIykz,CN
dlXdjcBYgcIx,2016-07-16T08:09:34Z,千葉県成田市花崎町750,Narita City,B-8UVByACH,TH
WvnN3mHMs8Mq,2016-07-16T16:43:08Z,沖縄県国頭郡 恩納村,万座毛,B-N29YHR5x,CN
HGlelf8JxMG6,2016-07-16T16:56:22Z,沖縄県那覇市牧志三丁目6,Hyatt Regency Naha Okinawa -  ハイアット リージェンシー 那覇 冲縄,B-EMhreMCT,CN
eE43KBWoU2OF,2016-07-17T06:06:51Z,京都府京都市 下京区十文字町668,"Kyoto, Japan",C-VFEBQs6e,CN
bwi1nCA51XSJ,2016-07-17T08:04:52Z,千葉県浦安市舞浜1,NA,B-gGJay4f4,ID
DGu8y7tiIjl2,2016-07-17T15:50:28Z,千葉県松戸市上本郷2928,NA,B-gdv58TDw,KR
z7re6kBbDQke,2016-07-17T19:05:59Z,大阪府泉南郡 田尻町泉州空港中1,关西空港,C-wYV9OaPw,CN
mOFijWHlQjVN,2016-07-17T20:01:26Z,大阪府大阪市 中央区久太郎町一丁目2,NA,B-HdZurSJL,PH
6E64YF4mKzvR,2016-07-17T21:48:14Z,神奈川県川崎市 幸区小向西町一丁目7,NA,B-3rIzdYs2,TH
gTtaCDnfeYVm,2016-07-18T00:41:12Z,東京都大田区羽田空港三丁目3,Tokyo (Haneda) International Airport,B-HPCTFuhc,PH
K17CjyrPqOho,2016-07-18T02:44:59Z,東京都渋谷区道玄坂二丁目3,渋谷 (Shibuya),A-GaYPPWyg,KR
1nc9mbzv4LGC,2016-07-18T07:18:45Z,千葉県成田市取香113,Narita International Airport - Tokyo Japan成田国際空港 東京成田国際機場,A-IkVs2F8a,TH
4MyZidljJntj,2016-07-18T09:05:23Z,福岡県福岡市 博多区,NA,C-E5tF1vGg,ID
iKNCvGeuCr55,2016-07-18T21:34:06Z,京都府京都市 下京区十文字町668,NA,C-iKPONb8t,PH
fIovZ0agCZ1Y,2016-07-18T22:20:45Z,富山県南砺市福光170,NA,B-ebeZa2de,KR
b1vX0X6IJ7A6,2016-07-19T10:40:13Z,東京都渋谷区代々木二丁目19,NA,B-uxv8KkoL,US
j710gvozPGSI,2016-07-19T12:03:54Z,石川県白山市美川中町36,NA,C-CVNxdORm,GB
cgEeJvEdXS2W,2016-07-19T12:57:43Z,東京都千代田区丸の内一丁目9,NA,B-UPzJ2KNe,ID
ENIte6yq8jFX,2016-07-19T13:20:18Z,東京都中央区銀座五丁目5,NA,B-mP1Hn1Wm,US
S7UMaNTAakC2,2016-07-19T15:31:11Z,東京都中央区銀座六丁目10,NA,A-J5hTyNqP,ID
6sGnoFVD5gpi,2016-07-19T17:15:56Z,東京都千代田区丸の内一丁目9,NA,B-3rIzdYs2,TH
IuBxnCRb93c7,2016-07-19T17:47:38Z,千葉県浦安市舞浜1,NA,C-VgTtaCDn,SG
RamfuLZTyJhb,2016-07-19T23:33:24Z,岐阜県大野郡 白川村,【世界遺産】ひだ 白川郷　THE WORLD HERITAGE SHIRAKAWA-GO,B-Pj6KaXnK,ID
koLs7T3irpOb,2016-07-20T00:24:47Z,東京都千代田区丸の内一丁目9,二条城,B-6vIWuEtc,CN
VVFocTTUSKzO,2016-07-20T03:29:17Z,千葉県浦安市舞浜1,NA,C-Xwc5pVxf,US
DtsYAER262Nx,2016-07-20T09:43:21Z,東京都江東区有明三丁目12,NA,A-mFFb3GuQ,US
DhEk5p1bITeE,2016-07-20T15:10:25Z,千葉県成田市木の根3,TATSU,C-YWs7NfTr,SG
IfoRoKJd361F,2016-07-20T16:30:38Z,東京都江東区青海一丁目3,"Toyota Megaweb History Garage, Aomi Koto, Tokyo",C-jAIDMb0G,TH
U4P7t4umHzxv,2016-07-20T17:28:37Z,静岡県富士市大淵2862,BAKERY CAFE SUN,C-L4IUeAIE,US
jc8LQ4prYGWy,2016-07-20T17:53:37Z,東京都台東区浅草一丁目30,NA,C-b7vRxMwo,MY
8iw42rsGYsIC,2016-07-20T19:26:12Z,長崎県長崎市大黒町6,长崎駅前,A-W1eElkWu,CN
PoTMAkVAI6rA,2016-07-20T21:13:58Z,東京都千代田区神田花岡町1,NA,A-5kpkz0hd,HK
2D4bnPSRod0S,2016-07-20T21:18:40Z,東京都千代田区丸の内一丁目9,东京駅 (Tokyo Station),A-cWjju5ah,CN
3LNAW1uZodkk,2016-07-21T09:23:13Z,東京都新宿区西新宿三丁目7,Park Hyatt Tokyo -  パーク ハイアット 東京,C-gWIJOHLs,US
pWBdaGtB1gxd,2016-07-21T12:42:32Z,大阪府大阪市 中央区難波二丁目3,Osaka Namba Station,B-xLd5eZN9,PH
m89fqjIKSbaV,2016-07-22T10:08:47Z,大阪府大阪市 中央区大阪城1,Osaka Castle 大阪城,A-ubitjUfm,TH
QEcEdVdHPyBe,2016-07-22T12:46:51Z,東京都港区台場二丁目4,NA,C-sBior4W6,ID
eNvFTY3KBDhO,2016-07-22T13:41:06Z,愛知県名古屋市 千種区四谷通1,名古屋大学 素粒子宇宙研究栋 (ES総合馆),C-jqZBgVmP,CN
nAlby9tqga7Z,2016-07-22T15:08:59Z,三重県熊野市木本町150,世界遺産 鬼ヶ城,B-Mn8SIJek,TW
01riVbdzhXGQ,2016-07-22T23:41:11Z,沖縄県那覇市字松川53,Okinawa，那霸，琉球，冲绳,B-N29YHR5x,CN
rrtEQsOUZg8Y,2016-07-23T11:56:45Z,京都府京都市 下京区十文字町668,"Kyoto, Japan",B-M1aQfELw,AU
bq2Rl6aOaiDp,2016-07-23T13:30:25Z,京都府京都市 下京区十文字町668,NA,B-OCRuC1Oc,KR
MbGP5BjZRejB,2016-07-23T22:07:16Z,北海道函館市,函館山展望台,C-Ry2wgawE,TW
gxMBUuCvXf2P,2016-07-23T22:21:18Z,東京都新宿区西新宿三丁目7,"New York Bar, L52,…",A-hFr3UOST,US
LOcVPEhDDnZS,2016-07-24T12:48:22Z,東京都武蔵野市吉祥寺北町三丁目6,NA,C-hH9qLhdR,KR
R8oEou0Kdttp,2016-07-24T16:07:30Z,東京都渋谷区道玄坂一丁目1,Shibuya Station,B-4H6Fch0L,KR
YbQmEWrbVTtu,2016-07-24T17:43:18Z,東京都台東区根岸三丁目3,Oak Hostel Zen オークホステル禅,A-THO8Ql1v,NA
XbzyJ8MYIrgF,2016-07-24T19:17:00Z,千葉県松戸市上本郷2928,NA,B-gdv58TDw,KR
yRzj87L1QHhF,2016-07-25T10:05:09Z,東京都世田谷区玉川二丁目22,Futako Tamagawa Rise Shopping Center,C-QB9A2t7S,TH
cOLUNGzc9Ys9,2016-07-25T12:20:07Z,沖縄県豊見城市字豊崎1,Ashibina Outlet Mall,B-N29YHR5x,CN
y2wgawESwe1C,2016-07-26T02:09:50Z,東京都新宿区歌舞伎町一丁目4,"Kabukichō, Tokyo",A-sxZ7nC9b,ES
HahbmE1GAEQz,2016-07-26T14:17:14Z,東京都港区南青山三丁目13,Blue Bottle Coffee青山カフェ,C-4o23CeoK,US
wjwY4GZVmRL7,2016-07-26T16:20:47Z,兵庫県神戸市 中央区葺合町字山郡1,Kobe Nunobiki Herbal Garden,B-aqqyRzhD,TW
iF2q7ahwi7vK,2016-07-27T06:11:51Z,岡山県岡山市 北区東古松一丁目2,NA,C-GswxlEQa,ID
EQasosGlSMgj,2016-07-27T08:16:02Z,大阪府大阪市 中央区日本橋一丁目21,NA,B-nCVBADJz,AU
nfBoiTXqoBQO,2016-07-27T14:54:31Z,京都府京都市 中京区常盤木町52,白鳳堂,C-iydAnbtu,TH
8PVfuacQ8wna,2016-07-27T18:22:29Z,東京都渋谷区宇田川町22,NA,A-lDjuMLK8,US
jlUNl8GgvsDP,2016-07-27T22:12:56Z,東京都墨田区押上一丁目1,Tokyo Skytree,C-v48Px9pW,TH
xojY2Nj8A2Jv,2016-07-27T22:21:37Z,大阪府大阪市 東淀川区西淡路一丁目8,"Dotonbori,…",B-vm1S4aRg,SG
nS3OvYgclto5,2016-07-28T14:16:00Z,東京都渋谷区神宮前四丁目31,Café Studio,C-uwX24wp8,TH
7IDh3KB9EFlK,2016-07-28T18:59:29Z,京都府京田辺市多々羅西平川原39,同志社大学  多々羅キャンパス,C-CjyrPqOh,US
